ice,rain,wind,dry,snow,cold,danger
0,0.00,16.11,0,0,82.00,0
0,0.02,17.00,0,0,79.00,0
0,0.14,14.99,0,0,61.00,0
0,0.00,14.09,0,0,57.90,0
0,0.00,14.99,1,0,68.00,1
0,0.00,8.05,1,0,71.10,1
0,0.88,16.11,0,0,63.00,0
0,0.00,8.05,0,0,73.90,0
0,0.00,14.09,1,0,63.00,1
0,0.45,16.11,0,0,62.10,0
0,0.01,10.07,0,0,73.00,0
0,0.19,17.00,0,0,57.00,0
0,0.00,21.03,0,0,54.00,1
0,0.00,8.05,1,0,55.90,1
0,0.45,16.11,0,0,46.00,0
0,0.00,12.08,0,0,36.00,0
0,0.00,10.07,1,0,48.90,1
0,0.00,10.07,1,0,45.00,1
0,0.00,14.09,1,0,48.90,1
0,0.00,6.04,1,0,53.10,1
0,0.00,12.97,1,0,48.00,1
0,0.05,23.04,0,0,42.10,1
0,0.00,12.08,0,0,37.00,0
0,0.00,8.95,1,0,57.00,1
0,0.00,12.08,1,0,66.00,1
0,0.00,17.90,1,0,41.00,1
0,0.00,12.08,1,0,59.00,1
0,0.29,16.11,0,0,52.00,0
1,0.29,19.91,0,0,42.10,1
0,0.00,14.09,0,0,73.00,0
0,0.00,14.09,1,0,52.00,1
0,0.00,17.00,1,0,78.10,1
0,0.00,14.09,1,0,88.00,1
0,0.00,12.97,1,0,82.90,1
0,0.00,23.04,1,0,90.00,1
0,0.00,16.11,1,0,57.00,1
0,0.00,23.94,1,0,91.90,1
0,0.00,16.11,1,0,68.00,1
0,0.00,14.99,1,0,93.90,1
0,0.12,14.99,0,0,82.00,0
0,0.00,8.95,0,0,79.00,0
0,0.00,16.11,1,0,82.90,1
0,0.41,25.05,0,0,87.10,1
0,0.29,19.91,0,0,84.90,0
0,0.01,12.97,0,0,88.00,0
0,0.00,12.97,0,0,93.00,0
0,0.01,14.99,0,0,93.90,0
0,0.00,14.09,0,0,93.90,0
0,0.00,17.90,1,0,100.90,1
0,0.64,29.97,0,0,98.10,1
0,0.00,17.00,0,0,97.00,0
0,0.00,17.90,1,0,100.00,1
0,0.00,12.97,1,0,93.90,1
0,0.00,14.09,1,0,89.10,1
0,0.12,10.07,0,0,78.10,0
0,0.00,10.07,0,0,91.00,0
0,0.00,14.09,1,0,88.00,1
0,0.10,19.91,0,0,96.10,0
0,0.00,12.97,0,0,90.00,0
0,0.00,16.11,1,0,89.10,1
0,0.00,12.97,1,0,90.00,1
0,0.00,10.07,1,0,97.00,1
0,0.00,17.90,1,0,91.00,1
0,0.00,14.09,1,0,88.00,1
0,0.03,12.97,0,0,88.00,0
0,0.00,16.11,0,0,87.10,0
0,0.00,16.11,1,0,96.10,1
0,0.00,10.07,1,0,93.00,1
0,0.00,14.09,1,0,93.00,1
0,0.00,17.90,1,0,96.10,1
0,0.00,14.99,1,0,99.00,1
0,0.00,14.99,1,0,96.10,1
0,1.84,21.92,0,0,77.00,1
0,0.00,14.99,0,0,69.10,0
0,0.00,17.90,1,0,82.00,1
0,0.00,14.09,1,0,88.00,1
0,0.10,8.05,0,0,64.90,0
0,0.00,10.07,0,0,68.00,0
0,0.00,16.11,1,0,78.10,1
0,0.00,17.00,1,0,64.90,1
0,0.00,16.11,1,0,63.00,1
0,0.02,10.07,0,0,55.90,0
0,0.00,14.99,0,0,66.00,0
0,0.00,8.05,1,0,70.00,1
0,0.38,25.05,0,0,66.90,1
0,0.09,31.09,0,0,64.90,1
0,0.00,12.08,0,0,63.00,0
0,0.00,8.05,1,0,42.10,1
0,0.40,21.03,0,0,52.00,1
0,0.00,17.90,0,0,35.10,0
0,0.00,8.95,1,0,46.90,1
0,0.00,14.09,1,0,61.00,1
0,0.00,6.04,1,0,46.00,1
0,0.00,12.97,1,0,35.10,1
0,0.00,12.97,1,0,46.90,1
0,0.00,17.90,1,0,46.90,1
0,0.00,14.09,1,0,32.00,1
0,0.37,14.99,0,0,43.00,0
0,0.00,12.08,0,0,48.00,0
0,0.00,17.00,1,0,55.90,1
0,0.00,8.95,1,0,53.10,1
0,0.92,21.03,0,0,48.90,1
0,0.00,8.95,0,0,54.00,0
0,0.00,6.93,1,0,51.10,1
0,0.00,17.90,1,0,61.00,1
0,0.00,17.90,1,0,63.00,1
0,0.00,17.90,1,0,78.10,1
0,0.00,8.95,1,0,53.10,1
0,0.00,21.03,1,0,53.10,1
0,0.05,10.07,0,0,64.00,0
0,0.00,17.90,0,0,75.00,0
0,0.00,27.96,1,0,75.00,1
0,0.45,25.95,0,0,82.90,1
0,1.05,21.92,0,0,48.00,1
0,0.00,17.90,0,0,55.00,0
0,0.00,27.96,1,0,64.90,1
0,0.00,14.99,1,0,79.00,1
0,0.06,21.92,0,0,82.00,1
0,0.00,8.95,0,0,72.00,0
0,0.00,31.99,1,0,73.00,1
0,0.00,14.09,1,0,72.00,1
0,0.00,21.03,1,0,84.90,1
0,0.01,16.11,0,0,73.00,0
0,0.01,17.00,0,0,78.10,0
0,0.00,21.92,0,0,87.10,1
0,0.00,17.90,1,0,82.90,1
0,0.21,29.97,0,0,87.10,1
0,0.12,14.09,0,0,79.00,0
0,0.17,16.11,0,0,72.00,0
0,0.00,12.08,0,0,82.00,0
0,0.00,12.08,1,0,89.10,1
0,0.09,19.91,0,0,91.00,0
0,0.00,10.07,0,0,95.00,0
0,0.00,16.11,1,0,84.90,1
0,0.00,16.11,1,0,90.00,1
0,0.00,12.97,1,0,90.00,1
0,0.00,12.97,1,0,96.10,1
0,0.24,23.04,0,0,93.90,1
0,0.00,19.91,0,0,91.00,0
0,0.00,14.99,1,0,91.90,1
0,0.02,21.92,0,0,96.10,1
0,0.00,14.99,0,0,89.10,0
0,0.00,14.09,1,0,93.90,1
0,0.04,10.07,0,0,93.00,0
0,0.00,14.09,0,0,93.00,0
0,0.22,21.92,0,0,89.10,1
0,0.00,17.00,0,0,87.10,0
0,0.00,12.97,1,0,89.10,1
0,0.00,8.95,1,0,88.00,1
0,0.07,25.95,0,0,97.00,1
0,0.00,14.99,0,0,99.00,0
0,1.16,14.99,0,0,84.90,0
0,0.00,12.08,0,0,93.90,0
0,0.00,14.09,1,0,95.00,1
0,0.00,12.97,1,0,96.10,1
0,0.00,8.95,1,0,88.00,1
0,0.00,12.97,1,0,84.00,1
0,0.00,12.08,1,0,86.00,1
0,0.00,8.95,1,0,87.10,1
0,0.43,8.05,0,0,82.90,0
0,0.03,8.05,0,0,78.10,0
0,0.00,17.90,0,0,84.90,0
0,0.00,16.11,1,0,84.00,1
0,0.00,12.08,1,0,75.00,1
0,1.04,14.09,0,0,82.90,0
0,0.84,25.95,0,0,68.00,1
0,0.00,8.95,0,0,69.10,0
0,0.00,8.95,1,0,72.00,1
0,0.17,12.97,0,0,66.90,0
0,1.43,21.03,0,0,55.00,1
0,0.00,16.11,0,0,53.10,0
0,0.00,21.03,1,0,78.10,1
0,0.00,12.08,1,0,77.00,1
0,0.18,21.92,0,0,73.90,1
0,0.00,14.99,0,0,53.10,0
0,0.00,12.08,1,0,71.10,1
0,0.00,12.08,1,0,53.10,1
0,0.08,21.03,0,0,68.00,1
0,0.56,29.97,0,0,64.00,1
0,0.00,16.11,0,0,55.90,0
0,0.00,14.99,1,0,64.90,1
0,0.01,23.04,0,0,68.00,1
0,0.00,14.09,0,0,66.00,0
0,0.61,19.91,0,0,60.10,0
0,0.00,23.04,0,0,59.00,1
0,0.10,31.09,0,0,64.90,1
0,0.19,12.08,0,0,57.00,0
0,0.42,17.90,0,0,57.90,0
0,0.00,8.95,0,0,64.00,0
0,0.00,14.99,1,0,62.10,1
0,0.00,16.11,1,0,53.10,1
0,0.00,17.00,1,0,68.00,1
0,0.00,19.91,1,0,70.00,1
0,0.00,10.07,1,0,57.00,1
0,0.00,8.05,1,0,51.10,1
0,0.00,23.04,1,0,60.10,1
0,0.00,12.08,1,0,64.00,1
0,0.00,8.95,1,0,63.00,1
0,0.00,14.99,1,0,64.90,1
0,0.09,36.01,0,0,78.10,1
0,0.00,12.97,0,0,66.00,0
0,0.17,19.91,0,0,54.00,0
0,0.00,10.07,0,0,54.00,0
0,0.00,23.04,1,0,75.00,1
0,0.02,17.00,0,0,78.10,0
0,0.04,12.08,0,0,75.00,0
0,0.03,12.97,0,0,68.00,0
0,0.62,16.11,0,0,84.90,0
0,0.00,17.00,0,0,75.90,0
0,0.00,17.00,1,0,86.00,1
0,0.00,14.99,1,0,62.10,1
0,0.00,12.08,1,0,77.00,1
0,0.00,12.97,1,0,78.10,1
0,0.00,16.11,1,0,80.10,1
0,0.00,14.09,1,0,72.00,1
0,0.15,14.09,0,0,75.00,0
0,0.49,16.11,0,0,75.00,0
0,0.00,21.03,0,0,82.00,1
0,0.00,8.95,1,0,82.00,1
0,0.00,14.09,1,0,89.10,1
0,0.43,19.91,0,0,82.90,0
0,0.00,17.00,0,0,80.10,0
0,0.00,17.00,1,0,69.10,1
0,0.00,17.00,1,0,54.00,1
1,0.80,12.97,0,0,35.10,1
0,0.00,19.91,0,0,46.90,0
0,0.00,19.91,1,0,64.00,1
0,0.00,17.90,1,0,39.90,1
0,0.00,14.99,1,0,48.00,1
0,0.00,14.09,1,0,42.10,1
0,0.00,8.95,1,0,61.00,1
0,0.00,17.00,1,0,50.00,1
0,0.00,21.92,1,0,64.00,1
0,0.00,19.91,1,0,48.90,1
0,0.00,14.09,1,0,48.90,1
0,0.00,14.99,1,0,57.90,1
0,0.01,16.11,0,0,57.00,0
0,0.73,17.90,0,0,59.00,0
0,0.00,19.91,0,0,72.00,0
0,0.04,12.97,0,0,57.90,0
0,0.00,21.92,0,0,82.90,1
0,0.25,21.03,0,0,82.90,1
0,0.00,16.11,0,0,75.90,0
0,0.00,17.90,1,0,80.10,1
0,0.00,14.99,1,0,90.00,1
0,0.00,17.00,1,0,71.10,1
0,0.01,6.93,0,0,66.00,0
0,0.00,25.05,0,0,70.00,1
0,0.04,17.90,0,0,69.10,0
0,0.02,23.94,0,0,84.00,1
0,0.00,16.11,0,0,70.00,0
0,0.00,12.97,1,0,86.00,1
0,0.01,14.99,0,0,70.00,0
0,0.13,19.91,0,0,91.00,0
0,0.31,14.99,0,0,89.10,0
0,0.00,21.03,0,0,93.00,1
0,0.00,17.90,1,0,93.90,1
0,0.00,17.00,1,0,86.00,1
0,0.00,12.97,1,0,86.00,1
0,0.00,16.11,1,0,89.10,1
0,0.00,14.99,1,0,90.00,1
0,0.00,16.11,1,0,91.90,1
0,0.00,17.90,1,0,84.90,1
0,0.00,16.11,1,0,89.10,1
0,0.00,23.04,1,0,104.00,1
0,0.00,19.91,1,0,102.90,1
0,0.06,21.03,0,0,98.10,1
0,0.00,12.08,0,0,93.00,0
0,0.00,10.07,1,0,91.00,1
0,0.00,10.07,1,0,96.10,1
0,0.00,12.08,1,0,95.00,1
0,0.00,16.11,1,0,82.00,1
0,0.00,12.97,1,0,91.90,1
0,0.00,12.08,1,0,86.00,1
0,0.00,12.08,1,0,89.10,1
0,0.00,10.07,1,0,93.90,1
0,0.04,12.97,0,0,84.90,0
0,0.00,8.95,0,0,73.90,0
0,0.00,14.99,1,0,66.00,1
0,0.00,12.97,1,0,55.00,1
0,0.00,12.08,1,0,61.00,1
0,0.00,17.00,1,0,51.10,1
0,0.00,8.95,1,0,61.00,1
0,0.00,21.03,1,0,78.10,1
0,0.06,10.07,0,0,48.90,0
0,0.00,12.08,0,0,63.00,0
0,0.00,14.99,1,0,54.00,1
0,0.00,16.11,1,0,45.00,1
0,0.01,23.94,0,0,75.90,1
0,0.00,14.99,0,0,44.10,0
0,0.16,25.05,0,0,66.90,1
0,0.00,14.09,0,0,57.90,0
0,0.00,12.08,1,0,35.10,1
0,0.00,16.11,1,0,73.00,1
0,0.00,29.97,1,0,68.00,1
0,0.00,14.09,1,0,39.00,1
0,0.00,23.94,1,0,64.00,1
0,0.83,25.95,0,0,60.10,1
0,0.00,33.11,0,0,77.00,1
0,0.00,25.95,1,0,66.00,1
0,0.00,12.08,1,0,46.90,1
0,0.28,27.96,0,0,62.10,1
0,0.29,31.09,0,0,73.00,1
0,0.00,23.04,0,0,55.00,1
0,0.01,12.08,0,0,61.00,0
0,0.00,17.00,0,0,43.00,0
0,0.00,21.92,1,0,64.90,1
0,0.00,17.00,1,0,68.00,1
0,0.00,17.00,1,0,57.90,1
0,0.00,17.00,1,0,66.00,1
0,0.00,14.09,1,0,78.10,1
0,0.00,19.91,1,0,82.00,1
0,0.23,23.04,0,0,71.10,1
0,0.00,12.08,0,0,80.10,0
0,0.00,19.91,1,0,87.10,1
0,0.00,14.99,1,0,73.00,1
0,0.00,16.11,1,0,73.90,1
0,0.43,25.05,0,0,82.90,1
0,0.00,16.11,0,0,78.10,0
0,0.00,10.07,1,0,79.00,1
0,0.14,21.92,0,0,91.00,1
0,0.00,17.00,0,0,96.10,0
0,0.00,16.11,1,0,100.00,1
0,0.01,17.90,0,0,96.10,0
0,1.18,23.04,0,0,88.00,1
0,0.93,23.04,0,0,87.10,1
0,0.00,17.90,0,0,96.10,0
0,0.82,25.05,0,0,95.00,1
0,0.00,17.00,0,0,87.10,0
0,0.97,23.04,0,0,90.00,1
0,0.00,14.09,0,0,91.00,0
0,0.00,14.99,1,0,89.10,1
0,0.76,19.91,0,0,90.00,0
0,0.00,14.09,0,0,91.90,0
0,0.00,17.00,1,0,93.00,1
0,0.11,14.09,0,0,73.90,0
0,0.00,14.99,0,0,84.90,0
0,0.00,17.00,1,0,88.00,1
0,0.00,10.07,1,0,89.10,1
0,0.00,10.07,1,0,90.00,1
0,0.00,14.09,1,0,91.00,1
0,0.00,14.09,1,0,86.00,1
0,0.00,10.07,1,0,73.90,1
0,0.00,23.04,1,0,70.00,1
0,0.96,21.92,0,0,81.00,1
0,0.02,16.11,0,0,73.00,0
0,0.00,14.99,0,0,71.10,0
0,0.00,10.07,1,0,84.90,1
0,0.00,12.08,1,0,84.90,1
0,0.00,10.07,1,0,66.90,1
0,0.00,12.08,1,0,70.00,1
0,0.00,14.99,1,0,68.00,1
0,0.00,14.99,1,0,80.10,1
0,0.00,12.08,1,0,61.00,1
0,0.62,29.97,0,0,75.90,1
0,0.00,12.97,0,0,46.00,0
0,0.19,16.11,0,0,55.00,0
0,0.07,17.90,0,0,70.00,0
0,0.00,14.09,0,0,57.90,0
0,0.00,31.99,1,0,71.10,1
0,0.00,14.99,1,0,44.10,1
0,0.90,16.11,0,0,57.00,0
0,0.00,14.09,0,0,36.00,0
0,0.19,19.91,0,2.01,35.10,1
0,0.00,10.07,0,0,46.90,0
0,0.00,17.00,1,0,55.00,1
0,0.00,14.09,1,0,66.00,1
0,0.00,14.09,1,0,54.00,1
0,0.00,16.11,1,0,46.00,1
0,0.72,21.03,0,0,57.90,1
0,1.38,23.04,0,0,37.90,1
0,0.00,14.09,0,0,50.00,0
0,0.73,14.09,0,0,44.10,0
0,0.00,14.99,0,0,62.10,0
0,0.01,12.97,0,0,48.90,0
0,0.62,14.09,0,0,68.00,0
0,0.00,23.04,0,0,82.90,1
0,0.00,21.92,1,0,51.10,1
0,0.12,14.99,0,0,73.00,0
0,0.00,21.03,0,0,73.00,1
0,0.36,23.94,0,0,79.00,1
0,0.07,17.00,0,0,68.00,0
0,0.00,14.09,0,0,75.90,0
0,0.00,16.11,1,0,82.00,1
0,0.00,14.99,1,0,84.90,1
0,0.69,17.00,0,0,82.00,0
0,0.00,16.11,0,0,96.10,0
0,0.00,14.99,1,0,93.90,1
0,0.00,19.91,1,0,95.00,1
0,0.12,12.08,0,0,82.90,0
0,0.00,14.09,0,0,87.10,0
0,0.00,8.05,1,0,84.00,1
0,0.00,14.99,1,0,93.00,1
0,0.28,31.09,0,0,91.90,1
0,0.06,23.94,0,0,95.00,1
0,0.27,16.11,0,0,82.90,0
0,0.18,17.90,0,0,96.10,0
0,0.00,14.09,0,0,88.00,0
0,0.00,23.04,1,0,99.00,1
0,0.03,12.08,0,0,84.00,0
0,0.00,12.97,0,0,87.10,0
0,0.00,12.08,1,0,93.90,1
0,0.00,19.91,1,0,87.10,1
0,0.57,17.90,0,0,79.00,0
0,0.00,17.00,0,0,80.10,0
0,0.00,12.97,1,0,82.00,1
0,0.00,12.08,1,0,87.10,1
0,0.00,10.07,1,0,77.00,1
0,0.00,14.99,1,0,81.00,1
0,0.32,14.09,0,0,68.00,0
0,0.00,17.00,0,0,93.00,0
0,0.00,23.94,1,0,102.90,1
0,0.00,17.90,1,0,100.00,1
0,0.23,17.00,0,0,96.10,0
0,0.45,21.92,0,0,80.10,1
0,1.09,19.91,0,0,93.00,0
0,0.00,12.08,0,0,90.00,0
0,0.14,19.91,0,0,99.00,0
0,0.00,8.95,0,0,91.90,0
0,0.05,23.94,0,0,93.00,1
0,0.49,21.92,0,0,93.00,1
0,0.13,21.92,0,0,87.10,1
0,0.00,16.11,0,0,91.00,0
0,0.02,12.97,0,0,77.00,0
0,0.00,10.07,0,0,84.00,0
0,0.00,17.00,1,0,87.10,1
0,0.00,12.97,1,0,89.10,1
0,1.85,17.00,0,0,88.00,0
0,0.00,8.95,0,0,80.10,0
0,0.00,12.08,1,0,77.00,1
0,0.12,12.97,0,0,88.00,0
0,0.23,17.00,0,0,64.90,0
0,0.00,14.99,0,0,78.10,0
0,0.00,8.95,1,0,70.00,1
0,0.00,8.05,1,0,80.10,1
0,0.00,21.03,1,0,66.00,1
0,0.00,16.11,1,0,57.90,1
0,0.00,14.99,1,0,64.90,1
0,0.00,19.91,1,0,55.90,1
0,0.00,16.11,1,0,59.00,1
0,0.00,12.97,1,0,63.00,1
0,0.00,16.11,1,0,69.10,1
0,0.00,6.93,1,0,57.90,1
0,0.09,16.11,0,0,57.90,0
0,0.00,25.05,0,0,57.90,1
0,0.00,17.00,1,0,53.10,1
0,0.00,6.93,1,0,45.00,1
0,0.37,17.00,0,0,52.00,0
0,0.00,21.92,0,0,53.10,1
0,0.01,17.00,0,0,60.10,0
0,0.00,17.90,0,0,59.00,0
0,0.03,12.08,0,0,53.10,0
0,0.05,21.03,0,0,63.00,1
0,0.39,12.97,0,0,46.90,0
0,0.92,10.07,0,0,44.10,0
0,0.00,16.11,0,0,42.10,0
0,0.00,12.97,1,0,62.10,1
0,0.00,19.91,1,0,62.10,1
0,0.00,16.11,1,0,55.00,1
0,0.00,21.92,1,0,48.00,1
0,0.00,12.97,1,0,50.00,1
0,0.00,12.97,1,0,66.00,1
0,0.04,12.08,0,0,63.00,0
0,0.00,19.91,0,0,82.90,0
0,0.00,14.99,1,0,80.10,1
0,0.01,21.92,0,0,64.00,1
0,0.00,21.03,0,0,61.00,1
0,0.00,17.00,1,0,64.90,1
0,0.00,19.91,1,0,64.00,1
0,0.00,21.03,1,0,60.10,1
0,0.00,21.03,1,0,84.00,1
0,0.30,23.04,0,0,81.00,1
0,0.00,12.97,0,0,86.00,0
0,0.00,14.99,1,0,73.00,1
0,0.00,14.09,1,0,82.00,1
0,0.00,16.11,1,0,86.00,1
0,0.00,14.09,1,0,80.10,1
0,0.00,12.97,1,0,80.10,1
0,0.00,12.08,1,0,93.90,1
0,0.00,16.11,1,0,89.10,1
0,0.77,14.99,0,0,89.10,0
0,0.00,12.97,0,0,82.00,0
0,0.66,19.91,0,0,91.90,0
0,0.08,21.03,0,0,90.00,1
0,0.05,12.97,0,0,81.00,0
0,0.00,14.99,0,0,87.10,0
0,0.30,21.92,0,0,89.10,1
0,0.00,12.97,0,0,84.90,0
0,0.00,19.91,1,0,63.00,1
0,0.07,12.97,0,0,66.90,0
0,0.00,8.05,0,0,73.00,0
0,0.00,14.09,1,0,72.00,1
0,0.00,14.99,1,0,71.10,1
0,0.00,14.99,1,0,59.00,1
0,0.01,19.91,0,0,61.00,0
0,0.08,18.12,0,0,71.10,0
0,0.06,18.12,0,0,75.00,0
0,0.00,14.09,0,0,55.90,0
0,0.00,12.97,1,0,45.00,1
0,0.00,21.92,1,0,62.10,1
0,0.00,21.03,1,0,73.90,1
0,0.33,12.97,0,0,48.90,0
0,0.28,59.95,0,0,69.10,1
0,0.00,21.03,0,0,62.10,1
0,0.00,17.00,1,0,59.00,1
0,0.00,17.00,1,0,46.90,1
0,0.00,17.00,1,0,54.00,1
0,0.00,18.12,1,0,64.90,1
0,0.00,8.95,1,0,50.00,1
0,0.00,14.09,1,0,35.10,1
0,0.00,16.11,1,1.18,55.90,1
0,0.00,16.11,1,0,53.10,1
0,0.50,21.92,0,0,72.00,1
0,0.00,23.94,0,0,72.00,1
0,0.36,25.05,0,0,61.00,1
0,0.29,18.12,0,0,55.90,0
0,0.46,19.91,0,0,36.00,0
0,0.00,18.12,0,0,75.90,0
0,0.00,12.97,1,0,72.00,1
0,0.00,16.11,1,0,81.00,1
0,1.32,25.05,0,0,71.10,1
0,0.47,23.94,0,0,80.10,1
0,0.00,16.11,0,0,84.00,0
0,0.00,14.09,1,0,69.10,1
0,0.00,17.00,1,0,75.90,1
0,0.00,12.08,1,0,78.10,1
0,0.00,12.08,1,0,73.00,1
0,0.00,16.11,1,0,87.10,1
0,0.00,12.97,1,0,82.00,1
0,0.22,25.05,0,0,90.00,1
0,0.00,8.95,0,0,84.90,0
0,0.29,14.09,0,0,90.00,0
0,0.58,31.99,0,0,93.90,1
0,0.00,10.07,0,0,84.90,0
0,0.00,12.97,1,0,86.00,1
0,0.00,12.08,1,0,93.00,1
0,0.00,8.95,1,0,84.90,1
0,0.00,12.08,1,0,90.00,1
0,0.00,19.91,1,0,96.10,1
0,0.00,10.07,1,0,90.00,1
0,0.00,14.99,1,0,86.00,1
0,1.16,12.08,0,0,79.00,0
0,0.08,8.95,0,0,82.00,0
0,0.71,19.91,0,0,75.90,0
0,0.00,10.07,0,0,80.10,0
0,0.00,12.08,1,0,81.00,1
0,0.56,14.99,0,0,81.00,0
0,0.00,12.97,0,0,82.00,0
0,1.06,31.09,0,0,90.00,1
0,0.00,16.11,0,0,81.00,0
0,0.00,12.08,1,0,91.00,1
0,0.00,12.97,1,0,93.00,1
0,0.00,23.94,1,0,96.10,1
0,0.00,12.08,1,0,91.00,1
0,0.03,12.97,0,0,75.90,0
0,0.00,6.04,0,0,81.00,0
0,0.03,17.00,0,0,71.10,0
0,0.01,10.07,0,0,82.90,0
0,0.01,10.07,0,0,81.00,0
0,0.01,6.93,0,0,73.00,0
0,0.00,8.05,0,0,79.00,0
0,0.00,10.07,1,0,66.00,1
0,0.00,17.00,1,0,80.10,1
0,0.00,14.09,1,0,73.90,1
0,0.00,16.11,1,0,75.90,1
0,0.00,14.99,1,0,84.00,1
0,0.00,10.07,1,0,66.90,1
0,0.00,16.11,1,0,66.00,1
0,0.21,21.92,0,0,68.00,1
0,0.43,25.05,0,0,66.90,1
0,0.05,12.08,0,0,46.90,0
0,0.00,8.05,0,0,52.00,0
0,0.00,12.08,1,0,60.10,1
0,0.32,10.07,0,0,52.00,0
0,0.00,12.97,0,0,60.10,0
1,0.07,12.97,0,0,39.00,1
0,0.00,10.07,0,0,50.00,0
0,1.71,18.12,0,0,66.00,0
0,0.00,12.08,0,0,57.90,0
0,0.02,17.00,0,0,41.00,0
0,0.00,14.99,0,0,51.10,0
0,0.00,14.99,1,0,27.10,1
0,0.00,8.05,1,0,39.00,1
0,0.00,8.95,1,0,41.00,1
0,0.00,12.08,1,0,51.10,1
0,0.49,18.12,0,0,60.10,0
0,0.00,12.97,0,0,59.00,0
0,0.14,12.97,0,0,48.90,0
0,0.39,25.95,0,0,62.10,1
0,0.00,16.11,0,0,50.00,0
0,0.00,21.03,1,0,54.00,1
0,0.00,8.95,1,0,39.90,1
1,0.72,17.00,0,3.94,35.10,1
0,0.00,10.07,0,3.15,45.00,1
0,0.00,12.97,1,0,61.00,1
0,0.02,29.97,0,0,75.00,1
0,0.00,12.97,0,0,64.90,0
0,0.34,14.09,0,0,54.00,0
0,0.00,29.97,0,0,84.00,1
0,0.28,21.92,0,0,78.10,1
0,0.02,12.97,0,0,54.00,0
0,0.00,12.08,0,0,69.10,0
0,0.00,12.08,1,0,79.00,1
0,0.00,14.99,1,0,80.10,1
0,0.30,17.00,0,0,87.10,0
0,0.00,12.97,0,0,89.10,0
0,0.31,18.12,0,0,89.10,0
0,0.00,10.07,0,0,95.00,0
0,0.00,10.07,1,0,96.10,1
0,0.00,16.11,1,0,84.00,1
0,0.00,16.11,1,0,86.00,1
0,0.00,10.07,1,0,88.00,1
0,0.00,8.95,1,0,89.10,1
0,0.00,10.07,1,0,90.00,1
0,0.00,12.08,1,0,90.00,1
0,1.68,25.95,0,0,95.00,1
0,0.19,21.92,0,0,89.10,1
0,0.00,16.11,0,0,88.00,0
0,0.00,8.95,1,0,87.10,1
0,0.21,25.95,0,0,91.00,1
0,0.34,18.12,0,0,78.10,0
0,0.00,14.09,0,0,75.90,0
0,0.00,8.95,1,0,84.00,1
0,0.00,12.97,1,0,86.00,1
0,0.20,18.12,0,0,75.90,0
0,0.03,18.12,0,0,77.00,0
0,0.34,19.91,0,0,66.00,0
0,1.23,19.91,0,0,68.00,0
0,0.00,12.08,0,0,66.90,0
0,0.00,10.07,1,0,75.90,1
0,0.00,12.97,1,0,77.00,1
0,0.54,17.00,0,0,72.00,0
0,0.22,10.07,0,0,69.10,0
0,0.00,23.94,0,0,77.00,1
0,0.00,16.11,1,0,66.00,1
0,0.00,6.93,1,0,64.00,1
0,0.00,14.09,1,0,66.90,1
0,0.00,19.91,1,0,72.00,1
0,0.13,12.08,0,0,73.90,0
0,0.00,12.97,0,0,57.90,0
0,0.00,10.07,1,0,54.00,1
0,0.00,16.11,1,0,64.00,1
0,0.00,12.08,1,0,66.90,1
0,0.16,16.11,0,0,59.00,0
0,0.04,23.04,0,0,77.00,1
0,0.00,17.00,0,0,73.90,0
0,0.01,8.95,0,0,73.90,0
0,0.00,10.07,0,0,53.10,0
0,0.05,25.05,0,0,63.00,1
0,0.00,12.08,0,0,43.00,0
0,0.00,14.09,1,0,35.10,1
0,0.00,10.07,1,1.18,46.90,1
0,0.00,17.00,1,0,61.00,1
0,0.00,14.99,1,0,55.90,1
0,0.00,21.03,1,0,72.00,1
0,1.26,23.94,0,0,72.00,1
0,0.00,14.99,0,0,44.10,0
0,0.00,16.11,1,0,41.00,1
0,0.00,17.00,1,0,34.00,1
0,1.16,27.96,0,0,60.10,1
0,0.04,23.04,0,0,71.10,1
0,0.19,12.97,0,0,46.00,0
0,0.00,21.03,0,0,66.90,1
0,0.03,14.99,0,0,48.90,0
0,0.04,17.00,0,0,57.90,0
0,0.00,25.05,0,0,79.00,1
0,0.00,23.04,1,0,80.10,1
0,0.00,17.00,1,0,86.00,1
0,0.09,12.97,0,0,43.00,0
0,0.06,16.11,0,0,64.90,0
0,0.00,16.11,0,0,69.10,0
0,0.85,18.12,0,0,64.00,0
0,0.00,19.91,0,0,64.00,0
0,0.00,21.92,1,0,66.90,1
0,0.00,16.11,1,0,70.00,1
0,0.00,19.91,1,0,77.00,1
0,0.00,12.97,1,0,73.90,1
0,0.00,16.11,1,0,75.00,1
0,0.00,21.92,1,0,82.00,1
0,0.00,16.11,1,0,87.10,1
0,0.00,14.99,1,0,89.10,1
0,0.00,14.09,1,0,82.00,1
0,0.00,12.97,1,0,84.90,1
0,0.10,14.99,0,0,88.00,0
0,0.00,12.08,0,0,84.90,0
0,0.00,12.08,1,0,93.90,1
0,1.98,14.99,0,0,87.10,0
0,0.00,14.09,0,0,93.00,0
0,0.00,10.07,1,0,91.90,1
0,0.00,12.97,1,0,93.00,1
0,0.54,14.99,0,0,89.10,0
0,0.00,17.00,0,0,93.90,0
0,0.00,12.97,1,0,90.00,1
0,0.00,14.09,1,0,91.90,1
0,0.00,12.97,1,0,91.00,1
0,0.00,17.00,1,0,90.00,1
0,0.06,12.97,0,0,90.00,0
0,0.45,21.92,0,0,86.00,1
0,0.32,18.12,0,0,79.00,0
0,0.00,17.00,0,0,84.00,0
0,0.00,16.11,1,0,68.00,1
0,0.00,8.05,1,0,73.00,1
0,0.00,17.00,1,0,84.00,1
0,0.00,12.08,1,0,86.00,1
0,0.00,14.99,1,0,70.00,1
0,0.00,14.99,1,0,66.00,1
0,0.00,10.07,1,0,68.00,1
0,0.07,18.12,0,0,69.10,0
0,0.00,14.99,0,0,64.90,0
0,0.00,10.07,1,0,71.10,1
0,0.00,17.00,1,0,66.90,1
0,0.00,19.91,1,0,55.00,1
0,0.00,23.94,1,0,77.00,1
0,0.00,18.12,1,0,53.10,1
0,0.00,16.11,1,0,54.00,1
0,0.00,10.07,1,0,62.10,1
0,0.06,21.92,0,0,72.00,1
0,0.56,14.99,0,0,48.90,0
0,0.00,8.95,0,0,60.10,0
0,0.00,10.07,1,0,60.10,1
0,0.01,19.91,0,0,68.00,0
0,0.00,21.03,0,0,50.00,1
1,0.25,14.09,0,0,43.00,1
0,0.00,14.09,0,1.18,27.10,1
0,0.00,14.99,1,1.18,48.00,1
0,0.00,27.96,1,0,73.00,1
0,0.28,25.05,0,0,60.10,1
0,0.00,21.92,0,0,52.00,1
0,0.00,21.03,1,0,46.00,1
0,0.00,10.07,1,0,70.00,1
1,0.01,16.11,0,0,60.10,1
0,0.34,14.99,0,0,55.90,0
0,0.00,16.11,0,0,73.00,0
0,0.00,12.97,1,0,73.00,1
0,0.00,14.09,1,0,80.10,1
0,0.00,29.97,1,0,81.00,1
0,0.00,14.99,1,0,66.00,1
0,0.00,19.91,1,0,77.00,1
0,0.05,23.04,0,0,69.10,1
0,0.00,21.03,0,0,75.90,1
0,0.00,23.94,1,0,59.00,1
0,0.00,14.09,1,0,82.90,1
0,0.00,23.04,1,0,82.00,1
0,0.09,25.95,0,0,87.10,1
0,0.77,21.03,0,0,55.90,1
0,4.51,21.03,0,0,60.10,1
0,0.29,19.91,0,0,80.10,0
0,0.00,17.00,0,0,81.00,0
0,0.30,21.92,0,0,80.10,1
0,0.29,16.11,0,0,73.90,0
0,0.00,17.00,0,0,88.00,0
0,0.21,14.99,0,0,86.00,0
0,0.17,17.00,0,0,91.00,0
0,0.72,12.97,0,0,82.00,0
0,0.00,16.11,0,0,84.00,0
0,0.00,12.97,1,0,82.90,1
0,0.00,14.09,1,0,87.10,1
0,0.00,10.07,1,0,91.90,1
0,0.15,14.99,0,0,93.00,0
0,0.84,16.11,0,0,91.90,0
0,0.00,12.97,0,0,88.00,0
0,0.00,16.11,1,0,95.00,1
0,0.00,21.03,1,0,97.00,1
0,0.00,10.07,1,0,99.00,1
0,0.56,25.05,0,0,102.00,1
0,1.20,12.97,0,0,89.10,0
0,0.48,12.08,0,0,91.90,0
0,0.24,21.03,0,0,93.90,1
0,0.22,17.00,0,0,71.10,0
0,0.00,12.97,0,0,82.90,0
0,0.00,14.09,1,0,75.90,1
0,0.00,16.11,1,0,75.90,1
0,0.01,19.91,0,0,66.90,0
0,0.00,23.94,0,0,88.00,1
0,0.00,8.95,1,0,78.10,1
0,0.00,12.08,1,0,75.90,1
0,0.00,10.07,1,0,79.00,1
0,0.00,10.07,1,0,79.00,1
0,0.00,14.99,1,0,66.00,1
0,0.00,12.97,1,0,63.00,1
0,0.76,14.09,0,0,73.90,0
0,0.00,14.99,0,0,59.00,0
0,0.03,12.08,0,0,48.90,0
0,0.03,14.09,0,0,62.10,0
0,0.00,18.12,0,0,53.10,0
0,0.00,10.07,1,0,51.10,1
0,0.00,12.97,1,0,55.90,1
0,0.00,14.09,1,0,62.10,1
0,0.00,14.09,1,0,69.10,1
0,0.00,14.99,1,0,44.10,1
0,0.00,23.94,1,0,73.90,1
0,0.00,17.90,1,0,39.90,1
1,0.29,10.07,0,0,35.10,1
0,0.00,17.90,0,0,48.90,0
0,0.00,12.08,1,0,46.00,1
0,0.00,23.94,1,0,45.00,1
0,0.00,25.95,1,0,66.00,1
0,0.01,21.92,0,0,73.00,1
0,0.20,27.96,0,0,66.90,1
0,0.00,16.11,0,0,70.00,0
0,0.00,21.92,1,0,81.00,1
0,0.00,23.04,1,0,63.00,1
0,0.00,21.92,1,0,63.00,1
0,0.00,17.00,1,0,77.00,1
0,0.00,21.92,1,0,79.00,1
0,0.18,21.92,0,0,61.00,1
0,0.00,8.05,0,0,70.00,0
0,0.00,17.00,1,0,79.00,1
0,0.93,25.05,0,0,75.00,1
0,0.00,14.99,0,0,66.90,0
0,0.00,29.97,1,0,60.10,1
0,0.00,14.99,1,0,66.90,1
0,0.00,14.09,1,0,71.10,1
0,0.00,8.95,1,0,77.00,1
0,0.00,16.11,1,0,82.90,1
0,0.31,21.03,0,0,81.00,1
0,0.00,14.09,0,0,81.00,0
0,0.00,14.99,1,0,82.00,1
0,0.00,12.97,1,0,91.00,1
0,0.00,14.09,1,0,91.00,1
0,0.00,14.09,1,0,90.00,1
0,0.00,12.97,1,0,89.10,1
0,1.53,17.90,0,0,77.00,0
0,0.00,23.94,0,0,90.00,1
0,0.03,21.03,0,0,90.00,1
0,0.00,16.11,0,0,93.90,0
0,0.00,12.97,1,0,87.10,1
0,0.53,29.08,0,0,95.00,1
0,0.00,16.11,0,0,89.10,0
0,0.00,12.08,1,0,84.00,1
0,0.00,12.08,1,0,89.10,1
0,0.00,10.07,1,0,87.10,1
0,0.00,14.99,1,0,84.90,1
0,0.00,14.09,1,0,88.00,1
0,0.00,10.07,1,0,91.90,1
0,0.13,23.94,0,0,88.00,1
0,0.00,12.97,0,0,99.00,0
0,0.00,14.99,1,0,93.90,1
0,0.00,14.99,1,0,99.00,1
0,0.00,17.00,1,0,99.00,1
0,0.00,29.08,1,0,99.00,1
0,0.00,14.99,1,0,91.00,1
0,0.00,17.90,1,0,78.10,1
0,0.31,14.99,0,0,73.90,0
0,0.00,16.11,0,0,84.90,0
0,0.00,19.91,1,0,79.00,1
0,0.00,10.07,1,0,82.90,1
0,0.00,12.08,1,0,78.10,1
0,0.00,14.99,1,0,82.90,1
0,0.00,16.11,1,0,61.00,1
0,0.00,8.05,1,0,66.90,1
0,0.00,12.97,1,0,73.90,1
0,0.00,14.99,1,0,51.10,1
0,0.00,14.09,1,0,50.00,1
0,0.00,14.09,1,0,57.90,1
0,0.00,16.11,1,0,81.00,1
0,0.00,10.07,1,0,73.90,1
0,0.97,16.11,0,0,46.90,0
0,0.01,17.00,0,0,48.00,0
0,0.00,12.08,0,0,57.90,0
0,0.00,19.91,1,0,55.00,1
0,0.00,19.91,1,0,73.00,1
0,0.00,16.11,1,0,52.00,1
0,0.00,12.08,1,0,51.10,1
0,0.28,8.95,0,0,42.10,0
0,0.00,17.90,0,0,51.10,0
0,0.00,12.08,1,0,66.00,1
0,0.00,29.97,1,0,64.90,1
0,0.29,12.08,0,0,42.10,0
0,0.03,14.99,0,0,46.00,0
0,0.00,12.97,0,0,63.00,0
0,2.00,36.91,0,0,73.90,1
0,0.00,17.00,0,0,57.90,0
0,0.00,17.00,1,0,59.00,1
0,0.00,25.05,1,0,75.00,1
0,0.00,16.11,1,0,57.90,1
0,0.49,16.11,0,0,52.00,0
0,0.16,14.09,0,0,61.00,0
0,0.00,14.09,0,0,55.90,0
0,0.00,14.09,1,0,80.10,1
0,0.00,14.99,1,0,82.00,1
0,0.00,17.00,1,0,61.00,1
0,0.00,21.03,1,0,82.90,1
0,0.07,21.03,0,0,77.00,1
0,0.01,19.91,0,0,64.00,0
0,0.11,16.11,0,0,78.10,0
0,0.39,21.92,0,0,82.00,1
0,0.17,23.94,0,0,73.00,1
0,0.00,14.99,0,0,86.00,0
0,0.00,17.00,1,0,100.90,1
0,0.10,17.00,0,0,95.00,0
0,0.00,14.09,0,0,84.90,0
0,0.00,19.91,1,0,88.00,1
0,0.00,12.08,1,0,89.10,1
0,0.00,17.90,1,0,93.00,1
0,0.00,10.07,1,0,89.10,1
0,0.00,14.99,1,0,84.90,1
0,0.56,17.00,0,0,91.90,0
0,0.00,12.97,0,0,88.00,0
0,0.00,12.08,1,0,87.10,1
0,1.19,12.97,0,0,75.00,0
0,0.00,10.07,0,0,78.10,0
0,0.00,12.97,1,0,73.00,1
0,0.00,12.08,1,0,82.90,1
0,0.25,12.97,0,0,73.00,0
0,0.00,8.05,0,0,82.00,0
0,0.00,16.11,1,0,78.10,1
0,0.00,8.95,1,0,87.10,1
0,0.00,17.90,1,0,59.00,1
0,0.06,19.91,0,0,73.00,0
0,0.00,17.00,0,0,45.00,0
0,0.00,14.09,1,0,45.00,1
0,0.96,21.03,0,0,59.00,1
0,0.00,17.90,0,0,57.90,0
0,0.00,21.92,1,0,66.00,1
0,0.00,10.07,1,0,46.90,1
0,0.02,10.07,0,0,57.90,0
0,0.19,17.90,0,0,61.00,0
0,0.00,17.00,0,0,36.00,0
0,0.04,14.99,0,0,48.00,0
0,0.00,14.09,0,0,64.00,0
0,0.00,12.08,1,0,46.00,1
0,0.02,12.97,0,0,50.00,0
0,0.00,14.09,0,0,36.00,0
0,0.11,8.05,0,0,43.00,0
0,0.00,12.08,0,0,54.00,0
0,0.00,17.90,1,0,46.90,1
0,0.00,25.05,1,0,73.00,1
0,0.04,34.90,0,0,75.00,1
0,0.00,12.08,0,0,50.00,0
0,0.00,21.03,1,0,57.90,1
0,0.00,12.08,1,0,46.00,1
0,0.03,25.95,0,0,72.00,1
0,0.30,14.99,0,2.99,35.10,1
0,0.00,25.95,0,0,73.90,1
0,0.00,16.11,1,0,82.00,1
0,0.00,25.05,1,0,84.00,1
0,0.00,19.91,1,0,66.00,1
0,0.43,25.05,0,0,69.10,1
0,0.00,31.09,0,0,77.00,1
0,0.00,14.99,1,0,70.00,1
0,0.35,29.97,0,0,78.10,1
0,0.00,14.09,0,0,66.00,0
0,0.00,19.91,1,0,64.00,1
0,0.00,16.11,1,0,91.90,1
0,0.98,12.97,0,0,73.00,0
0,0.00,19.91,0,0,82.00,0
0,0.08,31.09,0,0,90.00,1
0,0.00,12.97,0,0,84.90,0
0,0.06,21.92,0,0,66.90,1
0,0.00,23.04,0,0,71.10,1
0,0.13,23.04,0,0,82.90,1
0,0.00,8.95,0,0,86.00,0
0,0.00,19.91,1,0,88.00,1
0,0.00,12.08,1,0,84.90,1
0,0.00,14.99,1,0,87.10,1
0,0.00,14.99,1,0,93.90,1
0,0.00,14.09,1,0,89.10,1
0,0.05,14.99,0,0,80.10,0
0,0.00,14.09,0,0,91.00,0
0,0.00,17.90,1,0,91.90,1
0,0.04,21.03,0,0,97.00,1
0,0.00,17.90,0,0,97.00,0
0,0.00,12.97,1,0,88.00,1
0,0.00,12.97,1,0,91.90,1
0,0.06,21.92,0,0,99.00,1
0,0.03,14.99,0,0,95.00,0
0,0.00,14.09,0,0,88.00,0
0,0.06,12.97,0,0,93.00,0
0,0.25,21.92,0,0,86.00,1
0,0.00,8.95,0,0,84.90,0
0,0.00,17.90,1,0,81.00,1
0,0.00,14.99,1,0,82.00,1
0,0.00,16.11,1,0,72.00,1
0,0.00,14.99,1,0,82.00,1
0,0.00,10.07,1,0,90.00,1
0,0.07,10.07,0,0,55.00,0
0,0.00,14.09,0,0,57.90,0
0,0.00,12.97,1,0,61.00,1
0,0.00,12.08,1,0,72.00,1
0,0.00,17.00,1,0,78.10,1
0,0.00,21.03,1,0,81.00,1
0,0.06,14.09,0,0,64.00,0
0,0.00,14.99,0,0,64.00,0
0,0.00,14.99,1,0,64.90,1
0,0.01,12.08,0,0,66.90,0
0,0.00,10.07,0,0,57.90,0
0,0.07,14.09,0,0,61.00,0
0,0.41,14.09,0,0,48.00,0
0,0.00,12.97,0,0,44.10,0
0,0.00,8.95,1,0,43.00,1
0,0.44,21.03,0,0,34.00,1
0,0.00,14.09,0,0,45.00,0
0,0.80,21.03,0,0,59.00,1
0,0.00,14.99,0,0,42.10,0
0,0.00,12.08,1,0,48.00,1
0,0.00,17.00,1,0,32.00,1
0,0.00,14.99,1,0,36.00,1
0,0.00,14.09,1,0,41.00,1
0,0.02,8.95,0,0,62.10,0
0,0.00,12.08,0,0,62.10,0
0,0.00,12.08,1,0,50.00,1
0,0.86,29.08,0,0,66.00,1
0,0.00,19.91,0,0,51.10,0
0,0.00,12.97,1,4.02,37.90,1
0,0.01,12.08,0,0,51.10,0
0,0.00,8.95,0,0,46.00,0
0,0.03,27.96,0,0,51.10,1
0,0.12,12.08,0,0,48.00,0
0,0.00,14.99,0,0,51.10,0
0,0.00,17.90,1,0,51.10,1
0,0.16,23.04,0,0,69.10,1
0,0.00,12.08,0,0,64.00,0
0,0.09,27.96,0,0,69.10,1
0,0.00,10.07,0,0,84.00,0
0,0.00,16.11,1,0,88.00,1
0,0.00,10.07,1,0,70.00,1
0,0.00,12.97,1,0,75.90,1
0,0.00,16.11,1,0,78.10,1
0,0.00,19.91,1,0,78.10,1
0,0.00,14.09,1,0,66.00,1
0,0.00,8.05,1,0,72.00,1
0,0.11,14.09,0,0,77.00,0
0,0.29,27.96,0,0,81.00,1
0,0.00,17.00,0,0,66.90,0
0,0.00,14.99,1,0,89.10,1
0,0.00,19.91,1,0,68.00,1
0,0.08,12.08,0,0,63.00,0
0,0.00,10.07,0,0,84.00,0
0,0.00,12.97,1,0,89.10,1
0,0.00,10.07,1,0,82.90,1
0,0.00,17.90,1,0,91.00,1
0,0.00,12.97,1,0,91.00,1
0,0.00,16.11,1,0,91.00,1
0,0.00,17.90,1,0,98.10,1
0,0.00,17.00,1,0,96.10,1
0,0.18,12.97,0,0,78.10,0
0,0.00,12.97,0,0,93.00,0
0,0.00,14.99,1,0,102.00,1
0,0.40,36.01,0,0,95.00,1
0,0.00,12.97,0,0,91.00,0
0,0.38,16.11,0,0,93.00,0
0,0.01,23.04,0,0,95.00,1
0,0.00,25.95,0,0,93.00,1
0,0.00,14.99,1,0,93.90,1
0,0.41,17.00,0,0,98.10,0
0,0.00,12.97,0,0,95.00,0
0,0.07,12.97,0,0,91.00,0
0,0.05,10.07,0,0,80.10,0
0,0.00,12.08,0,0,90.00,0
0,0.00,16.11,1,0,99.00,1
0,0.00,14.99,1,0,87.10,1
0,0.00,14.09,1,0,93.90,1
0,0.00,12.08,1,0,93.90,1
0,2.25,16.11,0,0,84.00,0
0,0.70,14.99,0,0,75.90,0
0,0.05,17.00,0,0,81.00,0
0,0.01,17.90,0,0,78.10,0
0,0.00,17.00,0,0,70.00,0
0,0.00,12.97,1,0,79.00,1
0,0.00,6.93,1,0,84.00,1
0,0.00,14.99,1,0,57.90,1
0,0.00,16.11,1,0,53.10,1
0,0.00,12.97,1,0,62.10,1
0,0.00,12.08,1,0,61.00,1
0,0.00,23.94,1,0,77.00,1
0,0.07,21.92,0,0,66.00,1
0,0.00,12.08,0,0,52.00,0
0,0.00,10.07,1,0,48.90,1
0,0.00,17.00,1,0,35.10,1
0,0.00,10.07,1,0,37.90,1
0,0.00,17.90,1,0,36.00,1
0,0.00,14.09,1,0,43.00,1
0,0.00,8.05,1,0,42.10,1
0,0.00,17.90,1,0,45.00,1
0,0.15,8.95,0,0,44.10,0
0,0.00,12.08,0,0.98,46.90,1
0,0.00,17.90,1,0,54.00,1
0,0.00,19.91,1,0,44.10,1
0,0.00,8.05,1,0,41.00,1
0,0.00,8.95,1,0,53.10,1
0,0.03,14.09,0,0,46.00,0
0,0.00,14.09,0,0,51.10,0
0,0.00,21.03,1,0,57.90,1
1,0.00,12.08,1,0,48.00,1
0,0.00,14.09,1,0,57.00,1
0,0.00,17.00,1,0,62.10,1
0,0.00,23.04,1,0,75.90,1
0,0.02,16.11,0,0,59.00,0
0,0.00,19.91,0,0,81.00,0
0,0.00,14.09,1,0,57.90,1
0,0.00,8.95,1,0,70.00,1
1,0.02,12.97,0,0,48.90,1
0,0.03,10.07,0,0,48.00,0
0,0.50,38.03,0,0,71.10,1
0,0.00,23.94,0,0,84.00,1
0,0.00,17.90,1,0,84.00,1
0,0.00,17.90,1,0,75.90,1
0,0.00,17.00,1,0,82.90,1
0,0.00,21.92,1,0,84.90,1
0,0.00,12.97,1,0,68.00,1
0,0.30,19.91,0,0,72.00,0
0,0.00,12.08,0,0,73.90,0
0,0.00,8.95,1,0,79.00,1
0,0.02,16.11,0,0,80.10,0
0,0.00,14.09,0,0,78.10,0
0,0.00,10.07,1,0,84.00,1
0,0.00,12.08,1,0,93.00,1
0,1.64,16.11,0,0,82.00,0
0,0.00,14.99,0,0,86.00,0
0,0.00,12.97,1,0,84.00,1
0,0.24,21.92,0,0,95.00,1
0,0.03,17.00,0,0,93.00,0
0,0.09,12.97,0,0,89.10,0
0,0.00,17.00,0,0,96.10,0
0,0.00,17.00,1,0,100.00,1
0,0.00,12.97,1,0,97.00,1
0,0.00,12.08,1,0,96.10,1
0,0.00,25.95,1,0,100.00,1
0,0.00,12.08,1,0,104.00,1
0,2.10,21.03,0,0,100.00,1
0,4.31,14.99,0,0,89.10,0
0,0.00,14.99,0,0,96.10,0
0,0.00,16.11,1,0,93.90,1
0,0.00,12.97,1,0,84.90,1
0,1.00,19.91,0,0,91.90,0
0,0.54,23.04,0,0,78.10,1
0,0.12,16.11,0,0,86.00,0
0,0.09,19.91,0,0,60.10,0
0,0.23,14.09,0,0,61.00,0
0,0.00,14.09,0,0,70.00,0
0,0.00,8.95,1,0,75.00,1
0,0.00,6.93,1,0,78.10,1
0,0.00,17.90,1,0,80.10,1
0,0.00,12.97,1,0,87.10,1
0,0.78,21.92,0,0,82.90,1
0,0.00,16.11,0,0,77.00,0
0,0.09,12.97,0,0,78.10,0
0,0.00,19.91,0,0,73.90,0
0,0.00,19.91,1,0,84.90,1
0,0.00,10.07,1,0,71.10,1
0,0.00,6.93,1,0,64.00,1
0,0.00,6.04,1,0,71.10,1
0,0.00,21.92,1,0,66.90,1
0,0.00,23.94,1,0,75.90,1
0,0.00,19.91,1,0,73.90,1
0,0.00,19.91,1,0,75.00,1
0,0.00,14.09,1,0,57.00,1
0,0.00,10.07,1,0,51.10,1
0,0.09,12.08,0,0,48.90,0
0,0.00,12.97,0,0,48.90,0
0,0.00,19.91,1,0,62.10,1
0,0.00,16.11,1,0,44.10,1
0,0.00,14.09,1,0,72.00,1
0,0.28,8.95,0,0,48.90,0
0,0.00,31.09,0,0,55.00,1
0,0.00,17.90,1,0,46.00,1
0,0.00,14.09,1,0,44.10,1
0,0.00,10.07,1,0,64.00,1
0,0.00,23.04,1,0,69.10,1
0,0.15,14.99,0,0,50.00,0
0,0.00,12.08,0,0,50.00,0
0,0.00,17.90,1,0,57.90,1
0,0.20,23.94,0,0,73.90,1
0,0.01,25.05,0,0,80.10,1
0,0.28,14.99,0,0,61.00,0
0,0.00,14.99,0,0,57.00,0
0,0.19,12.08,0,0,80.10,0
0,0.10,12.97,0,0,79.00,0
0,0.00,21.03,0,0,69.10,1
0,0.00,17.00,1,0,77.00,1
0,0.17,16.11,0,0,63.00,0
0,0.00,12.08,0,0,68.00,0
0,0.00,21.92,1,0,73.90,1
0,0.00,8.05,1,0,69.10,1
0,0.00,21.92,1,0,81.00,1
0,0.38,21.92,0,0,77.00,1
0,0.00,16.11,0,0,80.10,0
0,0.00,10.07,1,0,91.00,1
0,1.58,14.09,0,0,84.00,0
0,0.01,14.99,0,0,73.00,0
0,0.00,12.08,0,0,88.00,0
0,0.00,17.00,1,0,81.00,1
0,0.00,16.11,1,0,75.90,1
0,0.28,17.00,0,0,84.00,0
0,0.00,17.00,0,0,80.10,0
0,0.00,12.97,1,0,91.90,1
0,0.10,17.00,0,0,95.00,0
0,0.00,14.09,0,0,87.10,0
0,0.00,14.09,1,0,105.10,1
0,0.00,14.99,1,0,105.10,1
0,0.00,10.07,1,0,88.00,1
0,0.00,17.90,1,0,99.00,1
0,0.14,29.08,0,0,95.00,1
0,0.01,23.94,0,0,96.10,1
0,0.00,21.92,0,0,89.10,1
0,0.00,16.11,1,0,91.90,1
0,0.00,12.08,1,0,86.00,1
0,0.41,12.08,0,0,72.00,0
0,0.00,8.95,0,0,84.90,0
0,0.31,17.90,0,0,90.00,0
0,0.00,12.08,0,0,80.10,0
0,0.00,21.03,1,0,84.90,1
0,0.00,12.08,1,0,72.00,1
0,0.00,12.97,1,0,82.90,1
0,0.00,10.07,1,0,84.90,1
0,0.14,12.08,0,0,66.90,0
0,0.00,8.95,0,0,79.00,0
0,0.00,8.95,1,0,82.00,1
0,0.03,17.90,0,0,64.00,0
0,0.00,12.97,0,0,55.00,0
0,0.00,12.97,1,0,55.00,1
0,0.00,16.11,1,0,46.90,1
0,0.00,14.09,1,0,55.00,1
0,0.00,10.07,1,0,53.10,1
0,0.00,16.11,1,0,71.10,1
0,0.00,12.97,1,0,64.90,1
0,0.00,14.99,1,0,51.10,1
0,0.42,29.08,0,0,62.10,1
0,0.00,14.99,0,0,50.00,0
0,0.21,19.91,0,0,50.00,0
0,0.00,14.99,0,0,52.00,0
0,0.22,10.07,0,0,51.10,0
0,0.00,8.05,0,0,71.10,0
0,0.18,8.05,0,0,50.00,0
0,0.00,12.08,0,0,54.00,0
0,0.00,14.99,1,0,63.00,1
1,0.32,12.08,0,0,28.00,1
0,0.01,14.09,0,0,51.10,0
0,0.09,29.97,0,0,63.00,1
0,0.00,21.92,0,0,39.90,1
0,0.00,19.91,1,0,45.00,1
0,0.00,16.11,1,0,50.00,1
0,0.00,12.97,1,0,48.90,1
0,0.00,12.08,1,0,62.10,1
0,0.00,16.11,1,0,52.00,1
1,0.36,16.11,0,0,42.10,1
0,0.01,21.92,0,0,46.00,1
0,0.65,23.04,0,0,69.10,1
0,0.00,17.90,0,0,57.90,0
0,0.00,19.91,1,0,61.00,1
0,0.00,6.93,1,0,55.00,1
0,0.00,14.99,1,0,55.90,1
0,0.87,23.04,0,0,68.00,1
0,0.00,12.97,0,0,60.10,0
0,0.00,19.91,1,0,84.90,1
0,0.00,8.95,1,0,75.90,1
0,0.00,23.04,1,0,77.00,1
0,0.00,14.99,1,0,84.00,1
0,0.54,17.00,0,0,78.10,0
0,0.00,19.91,0,0,87.10,0
0,0.14,21.92,0,0,84.90,1
0,0.04,12.08,0,0,86.00,0
0,0.00,19.91,0,0,89.10,0
0,0.10,12.97,0,0,86.00,0
0,0.00,14.99,0,0,84.90,0
0,0.00,16.11,1,0,89.10,1
0,0.00,14.09,1,0,90.00,1
0,0.20,14.99,0,0,84.00,0
0,0.00,12.97,0,0,93.00,0
0,0.00,12.08,1,0,93.00,1
0,0.00,18.12,1,0,91.90,1
0,0.00,18.12,1,0,91.00,1
0,0.00,10.07,1,0,87.10,1
0,0.51,25.05,0,0,82.90,1
0,0.00,19.91,0,0,91.90,0
0,0.60,16.11,0,0,75.00,0
0,0.00,8.05,0,0,82.90,0
0,0.00,14.99,1,0,90.00,1
0,0.00,8.95,1,0,82.00,1
0,0.00,14.99,1,0,87.10,1
0,0.00,14.09,1,0,91.00,1
0,0.00,12.97,1,0,90.00,1
0,0.00,18.12,1,0,75.90,1
0,0.19,10.07,0,0,72.00,0
0,0.00,14.09,0,0,73.00,0
0,0.00,8.95,1,0,82.00,1
0,0.00,14.09,1,0,84.90,1
0,0.14,12.97,0,0,61.00,0
0,0.01,8.95,0,0,69.10,0
0,0.00,12.97,0,0,71.10,0
0,0.00,8.05,1,0,68.00,1
0,0.00,12.08,1,0,69.10,1
0,0.00,16.11,1,0,55.00,1
0,0.00,19.91,1,0,52.00,1
0,0.00,12.08,1,0,62.10,1
0,0.01,10.07,0,0,61.00,0
0,0.00,10.07,0,0,57.90,0
0,0.00,10.07,1,0,64.00,1
0,0.11,18.12,0,0,69.10,0
0,0.17,10.07,0,0,46.00,0
0,0.00,12.08,0,0,54.00,0
0,1.95,21.92,0,0,68.00,1
0,0.00,12.08,0,0,39.90,0
0,0.00,12.97,1,0,51.10,1
0,0.00,8.95,1,0,51.10,1
0,0.00,16.11,1,0,25.20,1
0,0.00,10.07,1,0,43.00,1
0,0.00,8.95,1,0,54.00,1
0,0.30,12.08,0,0,54.00,0
0,0.07,12.08,0,0,44.10,0
0,0.00,14.09,0,0,27.10,1
0,0.00,25.05,1,0,39.90,1
0,0.18,21.03,0,0,64.00,1
0,0.00,14.99,0,0,55.00,0
0,0.39,16.11,0,1.18,36.00,1
0,0.27,21.92,0,0,45.00,1
0,0.00,14.09,0,0,64.90,0
0,0.00,21.92,1,0,71.10,1
0,0.55,21.03,0,0,42.10,1
0,0.00,17.00,0,0,68.00,0
0,0.00,21.03,1,0,45.00,1
0,0.00,23.04,1,0,60.10,1
0,0.09,14.99,0,0,37.00,0
0,0.04,14.09,0,0,46.90,0
0,0.00,17.00,0,0,66.00,0
0,0.14,19.91,0,0,57.00,0
0,0.03,21.92,0,0,75.90,1
0,0.00,23.94,0,0,68.00,1
0,0.00,12.08,1,0,73.90,1
0,0.00,12.97,1,0,71.10,1
0,0.00,17.00,1,0,73.00,1
0,0.00,10.07,1,0,84.00,1
0,0.00,21.03,1,0,89.10,1
0,0.00,23.04,1,0,86.00,1
0,0.00,14.09,1,0,90.00,1
0,0.00,12.08,1,0,91.90,1
0,0.00,14.09,1,0,88.00,1
0,0.00,10.07,1,0,79.00,1
0,0.00,14.99,1,0,90.00,1
0,0.08,12.97,0,0,75.90,0
0,0.05,14.09,0,0,89.10,0
0,0.00,12.08,0,0,82.90,0
0,0.00,16.11,1,0,87.10,1
0,0.00,12.97,1,0,93.90,1
0,0.42,18.12,0,0,88.00,0
0,0.00,12.97,0,0,86.00,0
0,0.00,14.99,1,0,91.00,1
0,0.00,14.09,1,0,84.00,1
0,0.00,14.99,1,0,93.00,1
0,0.88,21.03,0,0,84.90,1
0,0.00,16.11,0,0,93.00,0
0,0.00,10.96,1,0,90.00,1
0,0.00,14.99,1,0,82.90,1
0,0.00,14.09,1,0,80.10,1
0,0.00,14.09,1,0,82.00,1
0,0.00,8.95,1,0,84.90,1
0,0.00,12.97,1,0,81.00,1
0,0.08,12.08,0,0,70.00,0
0,0.00,12.08,0,0,84.90,0
0,0.00,14.99,1,0,90.00,1
0,0.31,14.99,0,0,84.00,0
0,0.00,12.08,0,0,86.00,0
0,0.61,19.91,0,0,88.00,0
0,0.00,8.95,0,0,91.00,0
0,0.00,12.08,1,0,89.10,1
0,0.00,16.11,1,0,78.10,1
0,1.04,16.11,0,0,73.00,0
0,0.09,19.91,0,0,88.00,0
0,0.02,14.09,0,0,80.10,0
0,0.00,14.09,0,0,81.00,0
0,0.12,14.99,0,0,87.10,0
0,3.18,17.00,0,0,64.00,0
0,0.03,12.97,0,0,68.00,0
0,0.00,8.05,0,0,79.00,0
0,0.00,10.07,1,0,79.00,1
0,0.42,23.94,0,0,79.00,1
0,0.00,12.97,0,0,72.00,0
0,0.00,14.99,1,0,73.90,1
0,0.00,14.09,1,0,75.00,1
0,0.00,16.11,1,0,71.10,1
0,0.00,14.99,1,0,66.90,1
0,0.00,8.95,1,0,71.10,1
0,0.00,6.93,1,0,60.10,1
0,0.00,12.97,1,0,72.00,1
0,0.00,8.05,1,0,46.00,1
0,0.00,8.95,1,0,54.00,1
0,1.69,23.04,0,0,50.00,1
0,0.00,16.11,0,0,54.00,0
0,0.00,23.94,1,0,53.10,1
0,0.50,8.95,0,0,45.00,0
0,0.00,8.95,0,0,52.00,0
0,0.03,17.00,0,0,64.00,0
0,0.16,8.95,0,0,51.10,0
0,0.00,17.00,0,0,39.00,0
0,0.00,21.03,1,0,45.00,1
0,0.00,14.09,1,0,53.10,1
0,0.00,14.99,1,0,63.00,1
0,0.01,12.08,0,0,44.10,0
0,0.00,12.08,0,0,46.00,0
0,0.00,16.11,1,0,54.00,1
1,0.22,12.97,0,0,27.10,1
1,0.39,12.97,0,1.18,35.10,1
0,0.06,23.94,0,0,39.90,1
0,0.00,12.97,0,0,26.20,1
0,0.00,16.11,1,0,71.10,1
0,0.00,21.03,1,0,75.00,1
0,0.02,12.08,0,0,53.10,0
0,0.30,21.03,0,0,62.10,1
0,0.00,14.09,0,0,60.10,0
0,0.31,12.08,0,0,51.10,0
0,0.00,12.97,0,0,64.90,0
0,0.00,17.00,1,0,46.00,1
0,0.16,21.03,0,0,66.00,1
0,0.00,23.94,0,0,73.00,1
0,0.53,23.94,0,0,78.10,1
0,0.00,19.91,0,0,73.00,0
0,0.05,10.07,0,0,66.00,0
0,0.00,14.99,0,0,66.90,0
0,0.34,12.08,0,0,57.00,0
0,0.99,18.12,0,0,73.00,0
0,0.58,16.11,0,0,61.00,0
0,0.00,16.11,0,0,82.00,0
0,0.00,12.08,1,0,80.10,1
0,0.00,16.11,1,0,72.00,1
0,0.00,17.00,1,0,91.00,1
0,1.38,25.05,0,0,90.00,1
0,0.00,14.99,0,0,84.00,0
0,0.02,12.08,0,0,68.00,0
0,0.00,14.09,0,0,88.00,0
0,0.00,12.97,1,0,86.00,1
0,0.00,14.99,1,0,96.10,1
0,0.51,16.11,0,0,96.10,0
0,0.00,17.00,0,0,98.10,0
0,0.24,18.12,0,0,87.10,0
0,0.06,21.03,0,0,87.10,1
0,0.00,17.00,0,0,91.00,0
0,0.00,12.08,1,0,86.00,1
0,0.00,12.97,1,0,88.00,1
0,0.00,6.93,1,0,90.00,1
0,0.00,8.95,1,0,93.90,1
0,0.00,14.99,1,0,97.00,1
0,0.00,12.08,1,0,87.10,1
0,0.00,8.05,1,0,91.90,1
0,0.00,12.97,1,0,95.00,1
0,0.00,8.95,1,0,89.10,1
0,0.00,19.91,1,0,86.00,1
0,0.21,19.91,0,0,89.10,0
0,0.00,8.95,0,0,84.00,0
0,0.00,8.95,1,0,81.00,1
0,0.00,12.08,1,0,84.00,1
0,0.00,18.12,1,0,79.00,1
0,0.90,12.97,0,0,82.00,0
0,0.06,18.12,0,0,82.90,0
0,2.07,23.04,0,0,60.10,1
0,0.00,6.93,0,0,81.00,0
0,0.00,17.00,1,0,79.00,1
0,0.00,8.95,1,0,68.00,1
0,0.00,8.95,1,0,66.00,1
0,0.00,18.12,1,0,59.00,1
0,0.00,6.93,1,0,71.10,1
0,0.00,10.07,1,0,71.10,1
0,0.04,17.00,0,0,64.00,0
0,0.89,14.09,0,0,59.00,0
0,0.00,21.03,0,0,48.00,1
0,0.00,6.93,1,0,57.00,1
0,0.66,16.11,0,0,64.90,0
0,0.15,21.92,0,0,68.00,1
0,0.00,14.99,0,0,34.00,0
0,0.00,12.08,1,0,45.00,1
0,0.00,12.97,1,0,45.00,1
0,0.37,25.05,0,0,51.10,1
1,0.95,25.05,0,0,32.00,1
0,0.01,16.11,0,1.18,32.00,1
0,0.00,18.12,0,0,54.00,0
0,0.00,25.05,1,0,70.00,1
0,0.27,17.00,0,0,63.00,0
0,0.00,18.12,0,0,44.10,0
0,0.00,12.97,1,0,32.00,1
0,0.00,12.97,1,0,51.10,1
0,0.87,14.09,0,0,57.00,0
0,0.00,17.00,0,0,50.00,0
0,0.08,12.97,0,0,52.00,0
0,0.00,14.09,0,0,55.00,0
0,1.87,31.99,0,0,80.10,1
0,0.00,10.07,0,0,78.10,0
0,0.00,14.99,1,0,72.00,1
0,0.00,18.12,1,0,57.00,1
0,0.00,23.94,1,0,77.00,1
0,0.73,12.97,0,0,59.00,0
0,0.00,25.05,0,0,52.00,1
0,0.00,12.08,1,0,60.10,1
0,1.02,18.12,0,0,72.00,0
0,0.09,27.96,0,0,87.10,1
0,0.00,14.99,0,0,82.90,0
0,0.00,12.08,1,0,78.10,1
0,0.10,12.97,0,0,64.00,0
0,0.00,14.99,0,0,71.10,0
0,0.22,14.09,0,0,70.00,0
0,0.00,21.92,0,0,86.00,1
0,0.07,17.00,0,0,91.00,0
0,0.00,10.07,0,0,84.90,0
0,0.00,14.99,1,0,93.00,1
0,0.00,14.99,1,0,91.90,1
0,0.10,23.04,0,0,82.90,1
0,0.00,23.04,0,0,82.00,1
0,0.12,14.99,0,0,91.90,0
0,0.00,14.99,0,0,89.10,0
0,0.02,14.99,0,0,84.90,0
0,0.00,8.95,0,0,90.00,0
0,1.58,29.97,0,0,95.00,1
0,0.00,10.07,0,0,95.00,0
0,0.39,14.09,0,0,86.00,0
0,0.00,18.12,0,0,93.90,0
0,0.00,19.91,1,0,91.00,1
0,0.00,12.97,1,0,95.00,1
0,0.00,10.07,1,0,84.00,1
0,0.00,16.11,1,0,96.10,1
0,0.00,12.08,1,0,93.90,1
0,0.00,14.99,1,0,91.00,1
0,0.00,12.97,1,0,91.00,1
0,0.02,12.08,0,0,75.90,0
0,0.02,17.00,0,0,72.00,0
0,6.45,31.99,0,0,70.00,1
0,0.00,12.08,0,0,68.00,0
0,0.00,10.07,1,0,88.00,1
0,0.00,17.00,1,0,64.00,1
0,0.00,12.08,1,0,73.90,1
0,0.00,10.07,1,0,64.00,1
0,0.00,8.05,1,0,75.90,1
0,0.00,8.95,1,0,73.90,1
0,0.00,8.05,1,0,55.90,1
0,0.00,23.94,1,0,68.00,1
0,0.00,14.99,1,0,57.90,1
0,0.01,12.97,0,0,32.00,0
0,0.02,14.99,0,0,59.00,0
0,0.31,14.99,0,0,55.90,0
0,0.00,16.11,0,0,64.00,0
0,0.00,19.91,1,0,63.00,1
0,0.00,12.08,1,0,61.00,1
0,0.09,18.12,0,0,73.90,0
0,0.00,21.92,0,0,73.00,1
0,0.00,25.05,1,0,73.00,1
0,0.00,12.08,1,0,70.00,1
0,0.00,18.12,1,0,62.10,1
0,0.00,17.00,1,0,53.10,1
0,0.03,16.11,0,0,48.00,0
0,0.00,23.94,0,0,39.90,1
0,0.00,17.00,1,0,50.00,1
0,0.00,23.04,1,0,71.10,1
0,0.06,16.11,0,0,80.10,0
0,0.00,16.11,0,0,73.00,0
0,0.00,16.11,1,0,69.10,1
0,0.40,23.04,0,0,75.90,1
0,0.00,12.97,0,0,66.90,0
0,0.00,18.12,1,0,80.10,1
0,0.00,12.08,1,0,81.00,1
0,0.00,21.03,1,0,84.90,1
0,0.00,10.07,1,0,69.10,1
0,1.48,25.95,0,0,78.10,1
0,0.00,17.00,0,0,69.10,0
0,0.01,8.95,0,0,64.00,0
0,0.00,17.00,0,0,89.10,0
0,0.82,27.96,0,0,75.90,1
0,0.00,18.12,0,0,81.00,0
0,1.54,23.94,0,0,84.90,1
0,0.00,16.11,0,0,89.10,0
0,0.00,8.95,1,0,91.00,1
0,0.20,14.99,0,0,84.90,0
0,0.04,25.05,0,0,91.00,1
0,0.05,14.99,0,0,91.00,0
0,0.01,18.12,0,0,82.00,0
0,0.00,17.00,0,0,84.90,0
0,0.00,12.08,1,0,88.00,1
0,0.07,14.99,0,0,91.00,0
0,0.21,16.11,0,0,95.00,0
0,0.00,12.97,0,0,82.90,0
0,0.00,12.08,1,0,87.10,1
0,0.00,14.09,1,0,84.90,1
0,0.00,12.97,1,0,84.90,1
0,0.00,16.11,1,0,87.10,1
0,0.00,16.11,1,0,84.90,1
0,0.00,12.97,1,0,72.00,1
0,0.00,17.00,1,0,77.00,1
0,0.00,12.97,1,0,75.90,1
0,0.00,14.09,1,0,77.00,1
0,0.15,17.00,0,0,86.00,0
0,0.00,17.00,0,0,77.00,0
0,0.00,14.99,1,0,71.10,1
0,0.00,12.08,1,0,77.00,1
0,0.00,12.08,1,0,73.00,1
0,0.00,16.11,1,0,64.00,1
0,0.27,12.08,0,0,50.00,0
0,0.00,12.97,0,0,64.00,0
0,0.00,8.95,1,0,50.00,1
0,0.00,8.95,1,0,57.00,1
0,0.00,12.08,1,0,62.10,1
0,0.00,12.08,1,0,64.90,1
0,0.00,8.05,1,0,69.10,1
0,0.00,10.07,1,0,61.00,1
1,0.24,12.08,0,0,57.00,1
0,0.00,16.11,0,0,57.00,0
0,0.00,19.91,1,0,75.00,1
0,0.00,19.91,1,0,75.00,1
0,0.00,14.99,1,0,75.00,1
0,0.00,19.91,1,0,84.00,1
0,0.00,17.90,1,0,87.10,1
0,0.00,21.03,1,0,89.10,1
0,0.00,19.91,1,0,88.00,1
0,0.00,12.08,1,0,100.00,1
0,0.00,12.97,1,0,89.10,1
0,0.41,16.11,0,0,91.00,0
0,0.00,12.97,0,0,91.00,0
0,0.00,14.99,1,0,97.00,1
0,0.00,23.94,1,0,98.10,1
0,0.48,17.00,0,0,89.10,0
0,0.00,12.97,0,0,81.00,0
0,0.00,17.00,1,0,91.90,1
0,0.85,21.03,0,0,87.10,1
0,0.00,16.11,0,0,89.10,0
0,0.53,10.07,0,0,79.00,0
0,0.60,19.91,0,0,91.00,0
0,0.00,12.08,0,0,93.00,0
0,0.00,10.07,1,0,97.00,1
0,0.49,38.92,0,0,97.00,1
0,0.00,12.08,0,0,87.10,0
0,0.00,17.00,1,0,87.10,1
0,0.00,12.97,1,0,91.90,1
0,0.00,14.99,1,0,93.90,1
0,0.00,14.09,1,0,91.00,1
0,0.00,10.07,1,0,89.10,1
0,0.00,10.07,1,0,95.00,1
0,3.43,21.03,0,0,84.00,1
0,0.21,12.97,0,0,89.10,0
0,0.32,21.92,0,0,90.00,1
0,0.00,10.07,0,0,90.00,0
0,0.47,14.99,0,0,82.00,0
0,4.72,21.03,0,0,88.00,1
0,0.00,14.09,0,0,87.10,0
0,0.00,10.07,1,0,86.00,1
0,0.00,16.11,1,0,81.00,1
0,0.33,23.94,0,0,64.00,1
0,0.18,8.95,0,0,80.10,0
0,0.29,8.05,0,0,75.90,0
0,0.00,17.90,0,0,61.00,0
0,0.00,14.99,1,0,60.10,1
0,0.03,21.03,0,0,63.00,1
0,0.02,14.99,0,0,77.00,0
0,0.00,16.11,0,0,60.10,0
0,0.00,21.03,1,0,55.00,1
0,0.00,12.08,1,0,66.90,1
0,0.13,14.09,0,0,57.90,0
0,0.92,16.11,0,0,59.00,0
0,0.00,12.97,0,0,61.00,0
0,0.09,14.99,0,0,66.00,0
0,0.00,12.97,0,0,55.00,0
0,0.00,10.07,1,0,63.00,1
0,0.00,34.90,1,0,52.00,1
0,0.00,17.00,1,0,43.00,1
0,0.01,8.05,0,0,59.00,0
0,0.02,12.08,0,0,60.10,0
0,0.05,14.09,0,0,42.10,0
0,0.00,8.05,0,0,57.90,0
0,0.16,42.95,0,0,68.00,1
0,0.00,17.00,0,0,53.10,0
0,0.00,23.94,1,0,64.00,1
0,0.00,8.05,1,0,43.00,1
0,0.00,17.00,1,0,60.10,1
0,0.42,31.99,0,0,66.90,1
0,0.00,17.00,0,0,50.00,0
0,0.00,25.05,1,0,62.10,1
0,0.11,21.03,0,0,64.00,1
0,0.00,17.00,0,0,37.90,0
0,0.00,16.11,1,0,75.00,1
0,0.00,23.94,1,0,69.10,1
0,0.00,17.90,1,0,63.00,1
0,0.59,17.00,0,0,57.00,0
0,0.00,17.90,0,0,64.90,0
0,0.00,12.08,1,0.98,36.00,1
0,0.00,12.08,1,0,68.00,1
0,0.00,12.97,1,0,57.00,1
0,0.00,16.11,1,0,66.90,1
0,0.33,14.99,0,0,64.90,0
0,0.00,10.07,0,0,73.90,0
0,0.00,14.99,1,0,82.90,1
0,0.00,29.97,1,0,75.00,1
0,0.00,16.11,1,0,91.00,1
0,0.00,17.00,1,0,89.10,1
0,0.00,17.90,1,0,84.90,1
0,0.00,16.11,1,0,75.90,1
0,0.17,21.03,0,0,82.90,1
0,0.00,17.00,0,0,75.00,0
0,0.01,17.90,0,0,87.10,0
0,0.00,10.07,0,0,87.10,0
0,0.54,14.99,0,0,84.00,0
0,0.00,17.90,0,0,91.90,0
0,0.00,10.07,1,0,91.00,1
0,0.00,8.95,1,0,91.90,1
0,0.00,14.09,1,0,86.00,1
0,0.00,14.09,1,0,97.00,1
0,0.00,12.97,1,0,91.00,1
0,0.00,16.11,1,0,88.00,1
0,0.00,14.09,1,0,91.90,1
0,0.19,12.97,0,0,79.00,0
0,0.03,25.05,0,0,93.00,1
0,0.00,12.97,0,0,95.00,0
0,0.00,16.11,1,0,91.00,1
0,0.00,8.05,1,0,81.00,1
0,0.08,16.11,0,0,90.00,0
0,0.00,17.90,0,0,98.10,0
0,0.00,17.90,1,0,91.90,1
0,0.00,17.90,1,0,93.90,1
0,0.37,25.05,0,0,90.00,1
0,0.14,12.08,0,0,72.00,0
0,0.00,12.08,0,0,82.90,0
0,0.37,10.07,0,0,71.10,0
0,0.10,14.09,0,0,81.00,0
0,0.00,14.09,0,0,73.00,0
0,0.09,8.05,0,0,66.90,0
0,0.02,14.09,0,0,66.00,0
0,0.00,8.95,0,0,73.90,0
0,0.27,25.95,0,0,81.00,1
0,0.12,16.11,0,0,62.10,0
0,0.01,12.08,0,0,61.00,0
0,0.06,19.91,0,0,80.10,0
0,0.00,8.95,0,0,75.90,0
0,2.97,27.96,0,0,57.00,1
0,0.58,17.00,0,0,52.00,0
0,0.18,21.03,0,0,62.10,1
0,0.00,12.08,0,0,50.00,0
0,0.00,12.97,1,0,59.00,1
0,0.00,8.95,1,0,48.90,1
0,0.00,17.00,1,0,48.00,1
0,0.00,12.97,1,0,36.00,1
0,0.00,8.95,1,0,37.00,1
0,0.01,12.97,0,0,39.90,0
0,0.00,14.99,0,0,51.10,0
0,0.00,6.93,1,2.99,48.00,1
0,0.00,12.08,1,0,44.10,1
1,1.37,25.95,0,0,42.10,1
0,0.35,16.11,0,0,39.90,0
0,0.00,27.96,0,0,37.90,1
0,0.00,16.11,1,0,45.00,1
0,0.05,14.09,0,2.01,42.10,1
0,0.00,17.00,0,0,43.00,0
0,0.00,14.09,1,0,64.90,1
0,0.00,21.92,1,0,50.00,1
0,0.00,12.97,1,0,54.00,1
0,0.32,10.07,0,0,69.10,0
0,0.42,21.03,0,0,68.00,1
0,0.00,14.99,0,0,73.90,0
0,1.52,12.97,0,0,66.90,0
0,0.00,14.09,0,0,77.00,0
0,0.00,8.95,1,0,75.00,1
0,0.00,12.97,1,0,73.90,1
0,0.00,21.03,1,0,78.10,1
0,0.00,17.90,1,0,75.00,1
0,0.00,23.04,1,0,90.00,1
0,0.00,14.09,1,0,95.00,1
0,0.36,8.95,0,0,70.00,0
0,0.04,17.00,0,0,73.00,0
0,0.00,17.00,0,0,91.00,0
0,0.00,19.91,1,0,88.00,1
0,0.00,14.09,1,0,82.00,1
0,0.00,21.92,1,0,88.00,1
0,0.00,17.00,1,0,93.90,1
0,0.00,8.95,1,0,93.00,1
0,0.00,12.08,1,0,93.90,1
0,0.00,21.03,1,0,99.00,1
0,0.00,10.07,1,0,87.10,1
0,0.00,12.08,1,0,97.00,1
0,0.00,10.07,1,0,97.00,1
0,0.00,19.91,1,0,102.00,1
0,0.10,10.07,0,0,79.00,0
0,0.39,23.94,0,0,95.00,1
0,0.00,14.99,0,0,89.10,0
0,0.60,12.97,0,0,84.00,0
0,0.00,12.97,0,0,90.00,0
0,0.47,17.90,0,0,82.90,0
0,0.00,10.07,0,0,90.00,0
0,0.00,14.99,1,0,87.10,1
0,0.10,12.08,0,0,79.00,0
0,0.00,17.00,0,0,95.00,0
0,0.00,14.09,1,0,87.10,1
0,0.00,17.90,1,0,98.10,1
0,0.00,17.00,1,0,72.00,1
0,0.00,17.00,1,0,71.10,1
0,0.00,12.97,1,0,70.00,1
0,0.00,12.97,1,0,82.00,1
0,0.29,25.05,0,0,87.10,1
0,0.00,12.97,0,0,61.00,0
0,0.00,17.90,1,0,66.00,1
0,0.00,6.04,1,0,69.10,1
0,0.29,29.97,0,0,70.00,1
1,0.60,14.99,0,0,35.10,1
0,0.28,17.00,0,0,63.00,0
0,0.15,8.95,0,0,48.00,0
0,0.00,14.99,0,0,61.00,0
0,0.00,14.09,1,0,57.90,1
0,0.00,23.04,1,0,68.00,1
0,0.05,31.99,0,0,73.90,1
0,0.00,14.09,0,0,61.00,0
0,0.62,31.99,0,0,81.00,1
0,0.00,16.11,0,0,66.00,0
0,0.00,19.91,1,0,61.00,1
0,0.00,17.90,1,0,69.10,1
0,0.67,21.03,0,0,64.90,1
0,0.00,16.11,0,0,51.10,0
0,0.00,19.91,1,0,57.90,1
0,0.04,17.00,0,0,68.00,0
0,0.07,17.00,0,0,39.90,0
0,0.00,17.90,0,0,71.10,0
0,0.00,31.09,1,0,84.90,1
0,0.00,21.03,1,0,68.00,1
0,0.01,31.09,0,0,78.10,1
0,0.12,12.08,0,0,71.10,0
0,0.02,14.99,0,0,66.00,0
0,0.73,23.04,0,0,79.00,1
0,0.00,10.07,0,0,78.10,0
0,0.00,12.08,1,0,75.00,1
0,0.00,14.99,1,0,93.00,1
0,0.00,19.91,1,0,93.00,1
0,0.00,12.97,1,0,93.90,1
0,0.00,12.97,1,0,95.00,1
0,0.30,14.09,0,0,93.90,0
0,0.00,21.03,0,0,93.00,1
0,0.00,10.07,1,0,91.90,1
0,0.00,14.99,1,0,86.00,1
0,0.00,19.91,1,0,102.00,1
0,0.00,31.09,1,0,100.90,1
0,0.00,17.90,1,0,102.00,1
0,0.00,14.09,1,0,89.10,1
0,0.00,12.97,1,0,91.00,1
0,0.00,10.07,1,0,89.10,1
0,0.00,25.05,1,0,89.10,1
0,0.00,14.09,1,0,82.00,1
0,0.04,12.97,0,0,86.00,0
0,0.00,14.09,0,0,88.00,0
0,0.00,14.99,1,0,82.90,1
0,0.00,8.05,1,0,84.00,1
0,0.00,12.08,1,0,84.90,1
0,0.00,8.05,1,0,88.00,1
0,1.31,21.03,0,0,89.10,1
0,0.00,16.11,0,0,62.10,0
0,0.00,12.97,1,0,72.00,1
0,0.00,8.05,1,0,77.00,1
0,0.00,14.99,1,0,73.90,1
0,0.00,12.08,1,0,66.00,1
0,0.00,8.05,1,0,71.10,1
0,0.00,16.11,1,0,64.90,1
0,0.00,10.07,1,0,51.10,1
0,0.00,12.08,1,0,70.00,1
0,0.02,17.90,0,0,71.10,0
0,0.54,29.08,0,0,70.00,1
0,0.00,6.93,0,0,55.00,0
0,0.00,6.04,1,0,63.00,1
0,0.00,12.08,1,0,52.00,1
0,0.11,23.94,0,0,57.00,1
0,0.00,14.09,0,0,60.10,0
0,0.00,12.08,1,0,57.90,1
0,0.00,19.91,1,0,42.10,1
0,0.25,16.11,0,0,57.90,0
0,0.73,31.09,0,0,64.90,1
0,0.00,23.94,0,0,52.00,1
0,0.03,16.11,0,0,82.90,0
0,0.66,14.09,0,0,71.10,0
0,0.00,25.95,0,0,78.10,1
0,0.00,17.90,1,0,77.00,1
0,0.00,19.91,1,0,73.00,1
0,0.00,25.05,1,0,73.90,1
0,0.00,23.04,1,0,84.00,1
0,0.31,17.90,0,0,69.10,0
0,0.00,8.95,0,0,73.00,0
0,0.00,21.03,1,0,64.00,1
0,0.00,12.08,1,0,77.00,1
0,0.00,14.99,1,0,90.00,1
0,0.51,19.91,0,0,77.00,0
0,0.00,10.07,0,0,77.00,0
0,0.15,23.94,0,0,82.90,1
0,0.01,12.08,0,0,82.90,0
0,0.00,16.11,0,0,81.00,0
0,0.00,17.00,1,0,77.00,1
0,0.00,14.99,1,0,86.00,1
0,0.03,21.92,0,0,84.00,1
0,0.35,12.97,0,0,86.00,0
0,0.00,23.04,0,0,89.10,1
0,0.11,21.03,0,0,90.00,1
0,1.19,23.04,0,0,88.00,1
0,0.00,12.08,0,0,75.90,0
0,0.00,10.07,1,0,81.00,1
0,0.00,12.97,1,0,86.00,1
0,0.00,12.97,1,0,89.10,1
0,0.00,16.11,1,0,91.90,1
0,0.00,17.90,1,0,97.00,1
0,0.00,14.99,1,0,100.90,1
0,0.24,23.94,0,0,100.90,1
0,0.01,14.99,0,0,86.00,0
0,0.00,14.09,0,0,93.90,0
0,0.00,17.00,1,0,98.10,1
0,0.11,17.90,0,0,96.10,0
0,0.00,8.95,0,0,88.00,0
0,0.00,14.99,1,0,93.00,1
0,0.00,12.97,1,0,89.10,1
0,0.40,19.91,0,0,88.00,0
0,0.15,6.93,0,0,81.00,0
0,0.00,8.95,0,0,86.00,0
0,0.55,16.11,0,0,90.00,0
0,0.02,12.08,0,0,79.00,0
0,0.00,12.97,0,0,78.10,0
0,0.69,8.95,0,0,64.90,0
0,0.06,10.07,0,0,84.90,0
0,0.00,6.93,0,0,73.00,0
0,0.00,10.07,1,0,57.00,1
0,0.00,10.07,1,0,68.00,1
0,0.00,6.93,1,0,73.90,1
0,0.00,12.08,1,0,80.10,1
0,0.55,21.03,0,0,51.10,1
0,0.00,14.99,0,0,55.90,0
0,0.00,12.97,1,0,54.00,1
0,0.00,14.09,1,0,61.00,1
0,0.00,8.05,1,0,59.00,1
0,0.00,16.11,1,0,66.90,1
0,0.00,16.11,1,0,51.10,1
0,0.01,10.07,0,0,66.00,0
0,0.13,14.09,0,0,51.10,0
0,0.00,12.97,0,0,64.90,0
0,0.00,14.99,1,0,55.00,1
0,0.00,16.11,1,0,46.00,1
0,0.00,8.95,1,0,50.00,1
0,0.59,17.90,0,0,55.00,0
0,0.00,12.08,0,0,52.00,0
0,0.00,12.97,1,0,52.00,1
0,0.00,14.09,1,0,61.00,1
0,0.00,19.91,1,0,37.00,1
0,0.00,14.99,1,0,52.00,1
0,0.08,14.09,0,0,62.10,0
0,0.00,19.91,0,0,59.00,0
0,0.00,17.00,1,0,50.00,1
0,0.00,14.99,1,0,46.00,1
0,0.00,16.11,1,0,50.00,1
0,0.00,14.09,1,0,51.10,1
0,0.00,19.91,1,0,70.00,1
0,0.00,25.05,1,0,78.10,1
0,0.00,17.00,1,0,64.00,1
0,0.00,21.92,1,0,81.00,1
0,0.00,14.09,1,0,79.00,1
0,0.57,46.98,0,0,84.00,1
0,0.00,12.97,0,0,71.10,0
0,0.00,12.08,1,0,72.00,1
0,0.97,12.08,0,0,62.10,0
0,0.00,21.03,0,0,69.10,1
0,0.00,18.12,1,0,71.10,1
0,0.18,19.91,0,0,72.00,0
0,0.00,18.12,0,0,86.00,0
0,1.47,10.96,0,0,75.00,0
0,0.18,12.97,0,0,82.00,0
0,0.00,19.91,0,0,70.00,0
0,0.00,12.97,1,0,80.10,1
0,0.00,14.09,1,0,86.00,1
0,0.00,14.09,1,0,87.10,1
0,0.00,18.12,1,0,89.10,1
0,5.14,14.09,0,0,75.90,0
0,0.04,14.09,0,0,84.00,0
0,0.66,25.05,0,0,84.90,1
0,0.00,17.00,0,0,90.00,0
0,0.00,17.00,1,0,89.10,1
0,1.66,19.91,0,0,91.90,0
0,0.72,18.12,0,0,82.90,0
0,0.30,14.99,0,0,77.00,0
0,0.00,16.11,0,0,88.00,0
0,0.00,14.09,1,0,88.00,1
0,0.00,8.05,1,0,86.00,1
0,0.00,8.95,1,0,91.90,1
0,0.00,14.09,1,0,75.00,1
0,0.00,17.00,1,0,82.90,1
0,1.16,23.94,0,0,91.00,1
0,0.00,10.07,0,0,87.10,0
0,0.00,8.95,1,0,88.00,1
0,0.00,17.00,1,0,75.90,1
0,0.00,8.95,1,0,80.10,1
0,0.06,17.00,0,0,86.00,0
0,0.00,10.07,0,0,73.90,0
0,0.00,8.05,1,0,78.10,1
0,0.43,21.03,0,0,77.00,1
0,0.00,14.09,0,0,77.00,0
0,0.00,17.00,1,0,73.00,1
0,0.00,12.08,1,0,86.00,1
0,0.00,10.07,1,0,89.10,1
0,0.02,8.95,0,0,66.00,0
0,0.00,6.04,0,0,70.00,0
0,0.00,12.08,1,0,69.10,1
0,0.00,8.95,1,0,64.00,1
0,0.00,18.12,1,0,66.90,1
0,0.00,12.97,1,0,55.90,1
0,0.03,14.09,0,0,70.00,0
0,0.00,12.97,0,0,57.90,0
0,0.00,8.95,1,0,60.10,1
0,0.00,6.04,1,0,60.10,1
0,0.00,12.08,1,0,48.90,1
0,0.85,14.09,0,0,46.90,0
0,0.00,21.92,0,0,43.00,1
0,0.00,8.05,1,0,37.90,1
0,0.10,17.00,0,0,51.10,0
0,0.00,12.97,0,0,30.20,1
0,0.00,8.95,1,0,53.10,1
0,0.00,12.08,1,0,59.00,1
0,0.06,12.08,0,0,53.10,0
0,0.00,14.99,0,0,45.00,0
0,0.00,21.03,1,0,66.90,1
0,0.00,10.07,1,0,44.10,1
0,1.72,21.92,0,0,36.00,1
0,0.00,23.04,0,0,72.00,1
0,0.00,12.08,1,0,50.00,1
0,0.00,17.00,1,0,46.90,1
0,0.31,21.92,0,0,69.10,1
0,0.00,12.08,0,0,78.10,0
0,0.00,29.08,1,0,78.10,1
0,0.00,18.12,1,0,81.00,1
0,0.00,18.12,1,0,64.00,1
0,0.00,16.11,1,0,71.10,1
0,0.18,16.11,0,0,73.00,0
0,0.00,12.97,0,0,68.00,0
0,0.00,21.03,1,0,79.00,1
0,0.00,14.99,1,0,82.00,1
0,0.00,8.95,1,0,87.10,1
0,0.00,14.99,1,0,90.00,1
0,0.02,23.94,0,0,96.10,1
0,0.00,14.99,0,0,93.90,0
0,0.00,8.05,1,0,84.00,1
0,0.00,10.07,1,0,82.00,1
0,0.00,12.08,1,0,82.90,1
0,0.00,12.08,1,0,89.10,1
0,0.00,14.09,1,0,91.90,1
0,0.01,14.09,0,0,84.00,0
0,0.07,12.08,0,0,82.00,0
0,0.00,17.00,0,0,93.00,0
0,1.18,23.94,0,0,90.00,1
0,0.01,12.97,0,0,80.10,0
0,0.00,8.05,0,0,75.00,0
0,0.00,12.97,1,0,79.00,1
0,0.00,12.97,1,0,75.90,1
0,0.15,17.00,0,0,64.00,0
0,0.00,14.09,0,0,75.90,0
0,0.00,6.93,1,0,75.00,1
0,0.00,12.08,1,0,84.00,1
0,0.22,16.11,0,0,86.00,0
0,0.02,14.09,0,0,62.10,0
0,0.00,12.97,0,0,70.00,0
0,0.00,8.95,1,0,75.90,1
0,0.61,18.12,0,0,51.10,0
0,0.00,12.97,0,0,71.10,0
0,0.00,16.11,1,0,60.10,1
0,0.00,12.97,1,0,60.10,1
0,0.00,12.97,1,0,66.00,1
0,0.00,14.09,1,0,44.10,1
0,0.04,6.93,0,0,48.90,0
0,0.00,16.11,0,0,43.00,0
0,0.00,12.08,1,0,45.00,1
0,0.00,12.97,1,0,73.90,1
0,0.00,10.07,1,0,54.00,1
0,0.16,16.11,0,0,55.90,0
0,0.13,17.00,0,0,45.00,0
0,0.00,14.99,0,0,57.00,0
0,0.00,10.07,1,0,57.90,1
0,0.40,14.09,0,0,41.00,0
0,0.01,12.08,0,0,33.10,0
0,0.00,12.08,0,0,54.00,0
0,0.24,8.95,0,0,50.00,0
0,0.00,12.08,0,0,48.00,0
0,0.00,10.07,1,0,45.00,1
0,0.00,27.96,1,0,72.00,1
0,0.00,18.12,1,0,51.10,1
0,0.00,14.09,1,0,35.10,1
0,0.00,35.12,1,0,53.10,1
0,0.00,18.12,1,0,23.20,1
0,0.08,12.08,0,0,57.00,0
0,0.03,14.99,0,0,46.90,0
0,0.97,23.04,0,0,66.00,1
0,0.00,17.00,0,0,80.10,0
0,0.00,12.97,1,0,66.00,1
0,0.00,18.12,1,0,66.90,1
0,0.00,16.11,1,0,66.90,1
0,0.11,14.99,0,0,72.00,0
0,0.00,12.97,0,0,75.00,0
0,0.31,10.96,0,0,61.00,0
0,0.00,8.05,0,0,78.10,0
0,0.01,12.08,0,0,80.10,0
0,0.63,17.00,0,0,70.00,0
0,0.00,14.09,0,0,68.00,0
0,0.00,10.07,1,0,70.00,1
0,0.00,14.99,1,0,82.00,1
0,0.00,12.08,1,0,82.90,1
0,0.22,21.92,0,0,78.10,1
0,0.00,14.09,0,0,84.90,0
0,0.00,14.09,1,0,88.00,1
0,0.00,10.07,1,0,75.00,1
0,0.15,14.99,0,0,87.10,0
0,0.00,12.97,0,0,88.00,0
0,2.10,23.04,0,0,98.10,1
0,0.00,14.09,0,0,95.00,0
0,0.31,19.91,0,0,91.90,0
0,0.02,23.04,0,0,91.90,1
0,0.00,17.00,0,0,87.10,0
0,0.00,23.04,1,0,91.00,1
0,0.00,8.95,1,0,88.00,1
0,0.00,14.09,1,0,90.00,1
0,0.00,12.97,1,0,95.00,1
0,0.29,21.03,0,0,87.10,1
0,0.00,12.08,0,0,88.00,0
0,0.00,8.95,1,0,91.00,1
0,0.00,19.91,1,0,84.90,1
0,0.10,18.12,0,0,93.90,0
0,1.42,19.91,0,0,70.00,0
0,0.28,21.03,0,0,80.10,1
0,0.13,25.95,0,0,69.10,1
0,0.18,17.00,0,0,66.90,0
0,0.00,10.07,0,0,73.00,0
0,0.01,8.05,0,0,68.00,0
0,0.00,12.08,0,0,79.00,0
0,0.00,14.99,1,0,79.00,1
0,0.15,8.05,0,0,63.00,0
0,1.52,12.08,0,0,66.00,0
0,0.00,8.95,0,0,70.00,0
0,0.00,12.97,1,0,60.10,1
0,0.00,6.93,1,0,57.00,1
0,0.00,10.07,1,0,59.00,1
0,0.00,10.07,1,0,70.00,1
0,0.04,6.93,0,0,53.10,0
0,0.00,10.07,0,0,61.00,0
0,0.00,12.97,1,0,71.10,1
0,0.00,18.12,1,0,72.00,1
0,0.00,12.08,1,0,64.90,1
0,0.00,8.05,1,0,54.00,1
0,1.68,29.08,0,0,73.00,1
0,1.79,14.99,0,0,66.90,0
0,0.00,10.07,0,0,44.10,0
0,0.00,27.96,1,0,54.00,1
0,0.00,14.09,1,0,32.00,1
0,0.00,16.11,1,0,39.00,1
0,0.00,12.08,1,0,44.10,1
0,0.00,12.97,1,1.18,52.00,1
0,0.09,23.04,0,0,55.90,1
0,0.00,12.97,0,0,32.00,0
0,0.00,16.11,1,0,53.10,1
0,0.00,18.12,1,0,66.00,1
0,0.46,35.12,0,0,73.00,1
0,0.00,23.94,0,0,73.90,1
0,0.00,16.11,1,0,68.00,1
0,0.00,12.08,1,0,78.10,1
0,0.89,23.04,0,0,77.00,1
0,0.00,21.03,0,0,77.00,1
0,0.01,29.08,0,0,78.10,1
0,0.25,21.03,0,0,71.10,1
0,0.00,25.05,0,0,75.90,1
0,0.00,21.03,1,0,62.10,1
0,0.00,19.91,1,0,63.00,1
0,0.00,23.94,1,0,75.90,1
0,0.00,19.91,1,0,81.00,1
0,0.00,21.03,1,0,84.00,1
0,0.00,12.97,1,0,64.90,1
0,0.00,14.09,1,0,73.90,1
0,0.68,14.99,0,0,66.90,0
0,0.27,12.97,0,0,69.10,0
0,0.07,12.08,0,0,62.10,0
0,0.30,12.97,0,0,77.00,0
0,0.00,12.08,0,0,87.10,0
0,0.50,16.11,0,0,84.00,0
0,0.45,33.11,0,0,91.00,1
0,1.62,29.08,0,0,91.00,1
0,0.00,12.97,0,0,90.00,0
0,0.91,36.91,0,0,89.10,1
0,1.66,17.00,0,0,88.00,0
0,1.48,14.09,0,0,78.10,0
0,0.00,14.09,0,0,91.00,0
0,0.00,18.12,1,0,93.00,1
0,0.13,23.04,0,0,97.00,1
0,0.04,12.97,0,0,91.00,0
0,0.00,14.99,0,0,96.10,0
0,0.00,14.09,1,0,96.10,1
0,0.00,12.97,1,0,93.00,1
0,0.00,12.08,1,0,91.90,1
0,0.00,12.08,1,0,99.00,1
0,0.01,14.99,0,0,93.90,0
0,1.13,23.94,0,0,75.00,1
0,0.00,12.97,0,0,93.90,0
0,0.00,14.99,1,0,88.00,1
0,0.00,10.07,1,0,91.00,1
0,0.00,14.99,1,0,82.90,1
0,0.49,18.12,0,0,75.00,0
0,0.23,14.99,0,0,82.90,0
0,0.00,14.09,0,0,80.10,0
0,0.14,17.00,0,0,82.90,0
0,0.00,10.07,0,0,79.00,0
0,0.00,8.95,1,0,79.00,1
0,0.00,17.00,1,0,75.90,1
0,0.00,17.00,1,0,72.00,1
0,0.00,14.09,1,0,70.00,1
0,0.00,12.97,1,0,64.90,1
0,0.00,12.97,1,0,70.00,1
0,0.06,6.93,0,0,64.00,0
0,0.06,12.08,0,0,72.00,0
0,0.00,19.91,0,0,59.00,0
0,0.07,27.96,0,0,77.00,1
0,0.00,14.09,0,0,41.00,0
0,0.00,8.95,1,0,59.00,1
0,0.35,21.92,0,0,63.00,1
0,1.08,10.07,0,0,51.10,0
0,0.00,12.08,0,0,44.10,0
0,0.00,17.00,1,0,55.00,1
0,0.02,16.11,0,0,57.00,0
0,0.09,23.04,0,0,55.90,1
0,0.06,23.94,0,0,70.00,1
0,0.00,25.95,0,0,68.00,1
0,0.00,14.09,1,0,45.00,1
0,0.11,23.94,0,0,60.10,1
0,0.00,17.00,0,0,64.00,0
0,0.00,19.91,1,0,66.00,1
0,0.00,12.97,1,0,66.00,1
0,0.00,21.03,1,0,54.00,1
0,0.00,17.00,1,0,64.90,1
0,0.25,23.04,0,0,54.00,1
0,0.03,16.11,0,0,57.90,0
0,0.50,23.94,0,0,64.00,1
0,0.00,21.03,0,0,57.00,1
0,0.00,12.97,1,0,66.00,1
0,0.00,14.09,1,0,55.90,1
0,0.00,16.11,1,0,66.90,1
0,0.00,14.09,1,0,77.00,1
0,0.00,21.03,1,0,82.00,1
0,0.05,19.91,0,0,86.00,0
0,2.17,12.97,0,0,70.00,0
0,0.00,16.11,0,0,81.00,0
0,0.29,27.96,0,0,84.90,1
0,0.02,21.92,0,0,66.90,1
0,0.48,23.94,0,0,84.00,1
0,0.23,10.07,0,0,66.00,0
0,0.00,18.12,0,0,86.00,0
0,0.00,19.91,1,0,89.10,1
0,0.00,21.92,1,0,90.00,1
0,0.08,17.00,0,0,86.00,0
0,0.08,12.08,0,0,87.10,0
0,0.06,12.08,0,0,82.00,0
0,0.00,10.07,0,0,84.90,0
0,0.00,14.99,1,0,88.00,1
0,0.38,25.95,0,0,90.00,1
0,0.00,18.12,0,0,77.00,0
0,0.00,14.99,1,0,90.00,1
0,0.00,14.99,1,0,89.10,1
0,2.30,23.04,0,0,89.10,1
0,0.00,12.08,0,0,84.00,0
0,0.47,12.97,0,0,89.10,0
0,0.05,16.11,0,0,95.00,0
0,0.00,16.11,0,0,93.90,0
0,0.00,17.00,1,0,97.00,1
0,0.00,16.11,1,0,93.90,1
0,0.00,12.97,1,0,89.10,1
0,0.00,12.08,1,0,93.90,1
0,0.00,16.11,1,0,98.10,1
0,0.00,12.97,1,0,91.00,1
0,0.00,16.11,1,0,90.00,1
0,0.02,16.11,0,0,93.90,0
0,0.00,17.00,0,0,87.10,0
0,0.00,8.95,1,0,91.00,1
0,0.00,14.99,1,0,91.90,1
0,0.00,14.99,1,0,90.00,1
0,0.00,16.11,1,0,84.00,1
0,0.00,12.97,1,0,95.00,1
0,0.00,16.11,1,0,96.10,1
0,0.00,10.07,1,0,84.90,1
0,0.00,17.00,1,0,81.00,1
0,0.03,21.92,0,0,78.10,1
0,1.06,21.92,0,0,78.10,1
0,0.52,16.11,0,0,82.00,0
0,0.00,8.05,0,0,84.90,0
0,0.00,17.00,1,0,93.90,1
0,0.00,16.11,1,0,71.10,1
0,1.12,21.92,0,0,89.10,1
0,0.25,12.08,0,0,69.10,0
0,0.00,12.08,0,0,68.00,0
0,1.12,23.94,0,0,75.90,1
0,0.00,16.11,0,0,72.00,0
0,0.10,16.11,0,0,63.00,0
0,0.64,12.08,0,0,60.10,0
0,0.00,14.99,0,0,66.90,0
1,1.33,12.97,0,0,48.90,1
1,0.30,12.08,0,0,34.00,1
0,0.45,25.05,0,0,68.00,1
0,0.13,17.90,0,0,71.10,0
0,0.00,23.04,0,0,55.00,1
0,0.00,12.08,1,0,51.10,1
0,0.00,21.03,1,0,73.90,1
0,0.00,14.99,1,0,63.00,1
1,0.44,12.97,0,0,34.00,1
0,0.00,14.99,0,0,50.00,0
0,0.00,23.94,1,0,48.00,1
1,0.00,12.08,1,0,57.00,1
0,0.56,16.11,0,0,51.10,0
0,0.00,10.07,0,0,64.90,0
0,0.00,25.05,1,0,70.00,1
0,0.00,12.97,1,0,71.10,1
0,0.00,21.03,1,0,81.00,1
0,0.00,21.92,1,0,77.00,1
0,0.00,12.97,1,0,86.00,1
0,0.01,21.92,0,0,77.00,1
0,0.02,14.99,0,0,82.90,0
0,0.12,17.90,0,0,48.00,0
0,0.00,19.91,0,0,55.90,0
0,0.00,17.90,1,0,84.90,1
0,0.00,10.07,1,0,82.90,1
0,0.00,12.97,1,0,87.10,1
0,0.01,12.97,0,0,69.10,0
0,0.13,14.09,0,0,82.90,0
0,0.00,14.09,0,0,96.10,0
0,0.02,12.08,0,0,82.90,0
0,0.00,12.97,0,0,84.90,0
0,0.00,17.90,1,0,91.90,1
0,0.00,12.97,1,0,93.90,1
0,0.00,17.90,1,0,93.90,1
0,0.00,14.99,1,0,84.90,1
0,0.00,12.97,1,0,91.90,1
0,0.00,17.00,1,0,90.00,1
0,0.00,14.09,1,0,99.00,1
0,0.00,12.97,1,0,90.00,1
0,0.00,12.97,1,0,93.90,1
0,0.00,12.97,1,0,90.00,1
0,0.00,17.90,1,0,87.10,1
0,0.00,10.07,1,0,96.10,1
0,0.00,12.08,1,0,95.00,1
0,0.00,14.09,1,0,93.00,1
0,0.00,17.00,1,0,75.00,1
0,0.00,17.00,1,0,75.90,1
0,0.00,14.09,1,0,81.00,1
0,0.00,16.11,1,0,80.10,1
0,0.00,8.05,1,0,93.00,1
0,0.00,12.97,1,0,73.90,1
0,0.00,12.08,1,0,75.00,1
0,0.00,10.07,1,0,80.10,1
0,0.00,8.95,1,0,79.00,1
0,0.00,8.95,1,0,84.00,1
0,0.00,17.00,1,0,80.10,1
0,1.72,21.03,0,0,78.10,1
0,0.00,19.91,0,0,78.10,0
0,0.04,16.11,0,0,66.00,0
0,0.00,17.00,0,0,60.10,0
0,0.00,12.08,1,0,66.00,1
0,0.06,17.90,0,0,64.00,0
1,0.00,17.00,0,0,53.10,1
0,0.00,19.91,1,0,45.00,1
0,0.00,12.08,1,0,72.00,1
0,0.00,8.05,1,0,66.90,1
0,0.00,14.09,1,0,57.90,1
0,0.91,17.90,0,0,43.00,0
0,0.13,27.96,0,0,71.10,1
0,1.92,14.09,0,0,57.90,0
0,0.00,12.08,0,0,57.00,0
0,0.00,16.11,1,0,45.00,1
0,0.00,17.90,1,0,55.00,1
0,0.00,16.11,1,0.98,33.10,1
0,0.00,8.95,1,0,54.00,1
0,0.13,25.05,0,0,57.00,1
1,0.92,14.99,0,0,55.90,1
0,0.00,25.95,0,0,73.90,1
0,0.00,12.97,1,0,66.90,1
0,0.00,17.00,1,0,63.00,1
0,0.00,25.95,1,0,73.90,1
0,0.82,19.91,0,0,68.00,0
0,0.00,17.00,0,0,51.10,0
0,0.00,23.94,1,0,81.00,1
0,0.06,21.92,0,0,68.00,1
0,0.00,17.90,0,0,66.90,0
0,0.00,16.11,1,0,68.00,1
0,0.01,17.00,0,0,69.10,0
0,0.04,16.11,0,0,75.90,0
0,0.00,10.07,0,0,66.90,0
0,0.00,21.92,1,0,80.10,1
0,0.94,21.92,0,0,66.90,1
0,0.00,14.09,0,0,52.00,0
0,0.00,16.11,1,0,66.00,1
0,0.00,21.03,1,0,73.90,1
0,0.00,29.97,1,0,82.90,1
0,1.23,17.00,0,0,79.00,0
0,0.76,19.91,0,0,73.00,0
0,0.00,12.97,0,0,73.00,0
0,0.03,21.03,0,0,84.90,1
0,0.00,10.07,0,0,77.00,0
0,0.00,14.09,1,0,88.00,1
0,0.24,17.00,0,0,71.10,0
0,0.00,12.08,0,0,82.90,0
0,0.00,14.09,1,0,87.10,1
0,0.08,25.95,0,0,90.00,1
0,0.08,16.11,0,0,93.00,0
0,0.00,14.99,0,0,100.00,0
0,0.01,36.01,0,0,96.10,1
0,1.26,29.08,0,0,91.90,1
0,0.14,12.08,0,0,78.10,0
0,0.00,17.00,0,0,89.10,0
0,0.00,16.11,1,0,93.90,1
0,0.65,23.94,0,0,88.00,1
0,0.00,18.12,0,0,88.00,0
0,1.57,23.94,0,0,93.00,1
0,0.00,16.11,0,0,93.00,0
0,0.78,31.99,0,0,93.00,1
0,0.76,21.92,0,0,82.00,1
0,0.00,16.11,0,0,86.00,0
0,0.00,8.95,1,0,91.00,1
0,0.00,12.97,1,0,91.00,1
0,0.00,12.97,1,0,93.00,1
0,0.02,12.08,0,0,75.00,0
0,0.00,17.00,0,0,84.90,0
0,0.00,14.09,1,0,84.90,1
0,0.00,10.07,1,0,90.00,1
0,0.00,12.97,1,0,87.10,1
0,0.89,17.00,0,0,91.90,0
0,0.00,12.97,0,0,82.00,0
0,0.00,10.07,1,0,86.00,1
0,0.00,8.05,1,0,91.00,1
0,0.00,14.09,1,0,81.00,1
0,0.00,12.08,1,0,87.10,1
0,0.04,10.07,0,0,89.10,0
0,0.00,12.08,0,0,78.10,0
0,0.00,12.08,1,0,82.00,1
0,0.00,10.07,1,0,87.10,1
0,0.00,12.08,1,0,79.00,1
0,0.00,10.07,1,0,82.90,1
0,0.00,21.03,1,0,82.00,1
0,0.00,12.97,1,0,72.00,1
0,0.00,14.99,1,0,77.00,1
0,0.00,12.08,1,0,57.90,1
0,0.00,10.07,1,0,71.10,1
0,0.47,19.91,0,0,63.00,0
0,0.05,12.97,0,0,73.90,0
0,0.53,10.07,0,0,64.90,0
0,0.00,6.93,0,0,73.90,0
0,1.45,16.11,0,0,55.00,0
0,0.00,8.05,0,0,68.00,0
0,1.86,17.00,0,0,73.00,0
0,0.00,10.07,0,0,60.10,0
0,0.00,10.07,1,0,46.90,1
0,0.74,14.09,0,0,60.10,0
0,0.00,12.08,0,0,75.00,0
0,0.00,21.92,1,0,75.90,1
0,0.10,17.00,0,0,73.90,0
0,0.00,8.95,0,0,51.10,0
0,0.00,14.09,1,0,61.00,1
0,0.01,14.99,0,0,46.90,0
0,0.00,14.99,0,0,57.00,0
0,0.00,29.97,1,0,55.00,1
0,0.00,16.11,1,0,52.00,1
0,0.00,21.03,1,0,73.00,1
0,0.10,25.05,0,0,64.00,1
0,0.00,16.11,0,0,78.10,0
0,0.00,21.03,1,0,78.10,1
0,0.03,19.91,0,0,60.10,0
0,0.00,27.96,0,0,78.10,1
0,0.08,19.91,0,0,75.00,0
0,0.00,12.97,0,0,66.90,0
0,0.00,21.92,1,0,77.00,1
0,0.00,17.00,1,0,62.10,1
0,0.00,16.11,1,0,66.00,1
0,0.00,14.99,1,0,72.00,1
0,0.00,8.95,1,0,84.00,1
0,0.00,14.09,1,0,88.00,1
0,0.00,19.91,1,0,81.00,1
0,0.52,17.00,0,0,87.10,0
0,0.00,12.97,0,0,78.10,0
0,0.68,12.08,0,0,61.00,0
0,0.00,14.09,0,0,84.00,0
0,0.56,16.11,0,0,81.00,0
0,0.00,12.97,0,0,73.00,0
0,0.00,14.09,1,0,82.90,1
0,0.00,12.97,1,0,88.00,1
0,0.00,8.05,1,0,88.00,1
0,0.61,17.00,0,0,91.90,0
0,0.00,17.00,0,0,81.00,0
0,0.00,16.11,1,0,91.90,1
0,0.00,12.08,1,0,90.00,1
0,0.00,12.97,1,0,84.00,1
0,0.01,14.99,0,0,88.00,0
0,0.00,17.00,0,0,91.00,0
0,0.25,21.92,0,0,93.90,1
0,0.00,14.09,0,0,88.00,0
0,0.37,19.91,0,0,91.00,0
0,0.00,12.08,0,0,95.00,0
0,0.00,14.99,1,0,93.00,1
0,0.03,17.00,0,0,95.00,0
0,0.00,14.99,0,0,88.00,0
0,1.02,12.08,0,0,87.10,0
0,0.00,14.09,0,0,93.90,0
0,0.00,14.09,1,0,95.00,1
0,0.00,12.08,1,0,87.10,1
0,0.00,8.95,1,0,87.10,1
0,0.18,19.91,0,0,98.10,0
0,0.00,14.99,0,0,91.90,0
0,0.00,10.07,1,0,84.90,1
0,0.00,12.97,1,0,91.90,1
0,0.00,12.97,1,0,73.90,1
0,0.13,17.00,0,0,73.00,0
0,0.00,8.05,0,0,78.10,0
0,0.00,12.97,1,0,82.00,1
0,0.00,14.99,1,0,78.10,1
0,0.01,12.97,0,0,82.90,0
0,0.00,8.05,0,0,66.90,0
0,0.27,12.08,0,0,54.00,0
0,0.00,8.05,0,0,69.10,0
0,0.00,10.07,1,0,57.90,1
0,0.00,12.97,1,0,54.00,1
0,0.41,14.09,0,0,59.00,0
0,0.00,14.09,0,0,52.00,0
0,0.00,10.07,1,0,45.00,1
0,0.00,8.95,1,0,46.00,1
0,0.00,10.07,1,0,52.00,1
0,0.00,16.11,1,0,41.00,1
0,0.01,14.99,0,0,48.90,0
0,0.21,17.00,0,0,46.90,0
0,0.00,12.97,0,0,45.00,0
0,0.00,14.99,1,0,66.00,1
0,0.00,21.03,1,0,48.00,1
0,0.54,17.00,0,0,50.00,0
0,0.00,12.97,0,0,57.00,0
0,0.01,18.12,0,0,75.90,0
0,0.00,17.00,0,0,70.00,0
0,0.09,8.95,0,0,59.00,0
0,0.06,12.08,0,0,48.90,0
0,0.00,21.03,0,0,75.90,1
0,0.00,21.03,1,0,53.10,1
0,0.00,23.04,1,0,73.90,1
0,0.56,18.12,0,0,42.10,0
0,0.20,14.99,0,0,82.00,0
0,0.00,16.11,0,0,77.00,0
0,0.06,18.12,0,0,79.00,0
0,0.00,23.94,0,0,82.00,1
0,0.09,44.07,0,0,70.00,1
0,0.00,18.12,0,0,78.10,0
0,0.03,18.12,0,0,73.90,0
0,0.21,18.12,0,0,89.10,0
0,0.00,19.91,0,0,82.00,0
0,0.00,17.00,1,0,88.00,1
0,0.00,17.00,1,0,89.10,1
0,0.02,19.91,0,0,86.00,0
0,0.00,12.97,0,0,82.90,0
0,0.46,25.05,0,0,91.00,1
0,0.00,14.99,0,0,93.00,0
0,0.02,12.08,0,0,90.00,0
0,0.00,19.91,0,0,100.90,0
0,0.21,19.91,0,0,93.90,0
0,0.00,12.08,0,0,88.00,0
0,0.00,14.09,1,0,93.90,1
0,0.00,17.00,1,0,91.90,1
0,0.04,25.05,0,0,91.90,1
0,1.50,21.03,0,0,78.10,1
0,0.00,10.07,0,0,91.90,0
0,0.05,10.07,0,0,91.90,0
0,0.00,10.07,0,0,84.00,0
0,0.01,16.11,0,0,87.10,0
0,0.06,21.92,0,0,90.00,1
0,0.00,12.97,0,0,77.00,0
0,0.63,18.12,0,0,79.00,0
0,0.00,14.99,0,0,84.00,0
0,0.00,14.99,1,0,82.90,1
0,0.00,17.00,1,0,82.90,1
0,0.00,10.07,1,0,84.90,1
0,0.00,14.09,1,0,91.00,1
0,0.00,12.97,1,0,89.10,1
0,0.00,14.09,1,0,87.10,1
0,0.00,17.00,1,0,91.00,1
0,0.00,8.95,1,0,82.00,1
0,0.00,12.08,1,0,84.90,1
0,0.00,12.08,1,0,86.00,1
0,0.09,25.95,0,0,91.90,1
0,0.00,12.97,0,0,90.00,0
0,0.00,19.91,1,0,82.90,1
0,0.00,14.09,1,0,73.00,1
0,0.78,21.03,0,0,68.00,1
0,0.00,10.07,0,0,78.10,0
0,0.00,12.97,1,0,81.00,1
0,0.13,16.11,0,0,45.00,0
0,0.00,21.92,0,0,57.90,1
0,0.00,12.97,1,0,54.00,1
0,0.00,12.97,1,0,66.90,1
0,0.08,25.95,0,0,64.00,1
0,0.00,10.07,0,0,57.00,0
0,0.00,14.99,1,0,63.00,1
0,0.00,10.07,1,0,51.10,1
0,0.00,8.95,1,0,64.00,1
0,0.00,14.09,1,0,69.10,1
0,0.00,8.05,1,0,48.90,1
0,0.00,12.08,1,0,55.00,1
0,0.00,16.11,1,0,72.00,1
0,0.00,12.08,1,0,75.00,1
0,0.00,16.11,1,0,77.00,1
0,0.00,14.09,1,0,75.00,1
0,0.01,14.99,0,0,70.00,0
0,0.00,17.00,0,0,52.00,0
0,0.00,8.95,1,0,78.10,1
0,0.04,16.11,0,0,75.90,0
0,0.92,21.92,0,0,70.00,1
0,0.03,12.08,0,0,60.10,0
0,0.00,14.09,0,0,60.10,0
0,0.03,19.91,0,0,55.00,0
0,0.00,4.92,0,0,73.00,0
0,0.00,14.99,1,0,63.00,1
0,0.00,14.09,1,0,57.00,1
0,0.00,14.99,1,0,71.10,1
0,2.30,31.99,0,0,68.00,1
0,0.00,31.09,0,0,68.00,1
0,0.00,8.95,1,0,51.10,1
0,0.76,36.91,0,0,70.00,1
0,0.00,17.90,0,0,59.00,0
1,0.46,25.05,0,0,37.00,1
0,0.00,12.08,0,0,55.00,0
0,0.07,8.95,0,0,37.90,0
0,0.11,6.93,0,0,46.00,0
0,0.00,12.97,0,0,37.90,0
0,0.00,16.11,1,0,64.90,1
0,0.13,27.96,0,0,64.90,1
0,0.10,14.99,0,0,46.00,0
0,0.09,21.92,0,0.98,37.00,1
0,0.00,12.97,0,0,42.10,0
0,0.10,8.95,0,0,39.00,0
0,0.00,14.09,0,0,46.90,0
0,0.00,14.09,1,0,54.00,1
1,0.12,12.97,0,0.98,44.10,1
0,0.00,14.09,0,0,51.10,0
0,0.00,12.97,1,0,66.00,1
0,0.09,14.99,0,0,64.00,0
0,0.22,14.99,0,0,62.10,0
0,0.00,14.99,0,0,62.10,0
0,0.00,17.90,1,0,69.10,1
0,0.06,19.91,0,0,66.90,0
0,0.00,17.90,0,0,69.10,0
0,0.00,16.11,1,0,80.10,1
0,0.00,21.92,1,0,87.10,1
0,0.13,27.96,0,0,81.00,1
0,0.00,21.03,0,0,86.00,1
0,0.33,12.97,0,0,64.90,0
0,0.00,21.03,0,0,82.90,1
0,0.00,19.91,1,0,89.10,1
0,0.00,14.09,1,0,82.00,1
0,0.00,16.11,1,0,91.90,1
0,0.00,16.11,1,0,90.00,1
0,0.00,21.92,1,0,84.90,1
0,0.00,14.99,1,0,75.90,1
0,2.30,16.11,0,0,77.00,0
0,0.59,17.90,0,0,82.00,0
0,0.02,16.11,0,0,84.00,0
0,0.00,17.90,0,0,88.00,0
0,0.18,21.92,0,0,93.00,1
0,0.00,14.09,0,0,88.00,0
0,0.00,12.08,1,0,93.00,1
0,0.00,19.91,1,0,97.00,1
0,0.00,16.11,1,0,96.10,1
0,0.00,14.09,1,0,96.10,1
0,0.18,21.03,0,0,88.00,1
0,0.32,12.97,0,0,82.90,0
0,0.00,8.95,0,0,86.00,0
0,0.80,23.94,0,0,95.00,1
0,0.00,12.08,0,0,90.00,0
0,0.00,10.07,1,0,93.00,1
0,0.00,14.09,1,0,97.00,1
0,0.00,16.11,1,0,88.00,1
0,0.00,12.97,1,0,93.00,1
0,0.00,12.97,1,0,97.00,1
0,0.00,8.95,1,0,98.10,1
0,0.00,12.97,1,0,95.00,1
0,0.00,12.97,1,0,90.00,1
0,0.00,14.99,1,0,89.10,1
0,1.69,16.11,0,0,69.10,0
0,0.00,12.97,0,0,73.90,0
0,0.00,14.99,1,0,87.10,1
0,0.00,12.97,1,0,79.00,1
0,1.11,12.08,0,0,71.10,0
0,0.00,14.09,0,0,78.10,0
0,0.00,19.91,1,0,78.10,1
0,0.27,25.95,0,0,78.10,1
0,0.00,14.99,0,0,62.10,0
0,0.00,10.07,1,0,73.00,1
0,0.00,10.07,1,0,70.00,1
0,0.00,8.05,1,0,69.10,1
0,0.00,12.97,1,0,54.00,1
0,0.00,10.07,1,0,55.00,1
0,0.00,8.95,1,0,48.90,1
1,0.27,8.95,0,0,41.00,1
0,0.00,19.91,0,0,41.00,0
0,0.00,19.91,1,0,37.90,1
0,0.00,6.93,1,0,48.00,1
0,0.17,8.05,0,0,41.00,0
0,0.00,8.95,0,0,43.00,0
0,0.01,8.95,0,0,39.00,0
0,0.00,12.97,0,0,52.00,0
0,0.00,19.91,1,4.02,37.00,1
0,0.00,6.04,1,0,46.00,1
0,0.17,14.09,0,0,62.10,0
0,0.00,21.92,0,0,37.90,1
0,0.00,12.08,1,0,42.10,1
0,0.00,17.90,1,0,50.00,1
0,0.00,14.09,1,0,39.90,1
0,0.00,10.07,1,0,69.10,1
0,0.18,31.09,0,0,68.00,1
0,0.00,16.11,0,0,50.00,0
0,0.00,17.90,1,0,57.00,1
0,0.00,29.08,1,0,72.00,1
0,0.47,31.99,0,0,68.00,1
0,0.00,23.04,0,0,69.10,1
0,0.00,14.99,1,0,77.00,1
0,0.00,17.90,1,0,84.90,1
0,0.00,14.99,1,0,60.10,1
0,0.00,16.11,1,0,84.90,1
0,0.39,36.01,0,0,73.90,1
0,0.00,17.00,0,0,71.10,0
0,0.43,14.99,0,0,57.90,0
0,0.00,10.07,0,0,77.00,0
0,0.00,14.09,1,0,75.00,1
0,0.00,8.05,1,0,80.10,1
0,0.16,14.99,0,0,82.00,0
0,0.00,12.08,0,0,89.10,0
0,0.00,12.08,1,0,97.00,1
0,0.00,10.96,1,0,97.00,1
0,0.00,12.97,1,0,84.90,1
0,0.00,14.99,1,0,91.00,1
0,0.00,12.97,1,0,95.00,1
0,0.41,17.00,0,0,91.90,0
0,0.00,17.90,0,0,102.90,0
0,0.00,17.90,1,0,102.90,1
0,0.00,10.07,1,0,97.00,1
0,0.00,17.00,1,0,88.00,1
0,0.48,14.99,0,0,82.00,0
0,0.00,12.08,0,0,88.00,0
0,1.59,29.08,0,0,88.00,1
0,0.00,10.07,0,0,88.00,0
0,0.08,8.95,0,0,82.00,0
0,0.68,19.91,0,0,73.90,0
0,0.16,19.91,0,0,84.00,0
0,0.00,14.09,0,0,75.00,0
0,0.00,12.97,1,0,73.00,1
0,0.00,17.90,1,0,80.10,1
0,0.00,23.94,1,0,62.10,1
0,0.00,23.04,1,0,75.90,1
0,0.08,21.92,0,0,63.00,1
0,0.00,10.07,0,0,57.90,0
0,0.00,16.11,1,0,61.00,1
0,0.00,10.07,1,0,64.90,1
0,0.01,12.97,0,0,66.90,0
0,0.00,8.95,0,0,63.00,0
0,0.00,19.91,1,0,77.00,1
0,0.97,31.99,0,0,66.90,1
0,0.00,10.07,0,0,55.90,0
0,0.00,8.95,1,0,64.00,1
0,0.00,16.11,1,0,72.00,1
0,0.00,8.95,1,0,48.00,1
0,0.53,14.99,0,0,66.00,0
0,0.00,19.91,0,0,57.90,0
0,0.00,12.08,1,0,62.10,1
0,0.00,14.99,1,0,52.00,1
0,0.00,16.11,1,0,55.00,1
0,0.00,21.03,1,0,35.10,1
0,0.02,12.08,0,0,59.00,0
0,0.00,8.05,0,0,55.90,0
0,0.00,14.09,1,0,46.90,1
0,0.00,6.04,1,0,48.90,1
0,0.00,10.07,1,0,51.10,1
0,0.00,23.04,1,0,48.00,1
0,0.00,29.97,1,0,70.00,1
0,0.00,23.94,1,0,53.10,1
0,0.00,10.07,1,0,54.00,1
0,0.02,14.09,0,0,61.00,0
0,0.00,12.08,0,0,64.00,0
0,0.00,12.97,1,0,84.00,1
0,0.00,21.03,1,0,84.00,1
0,0.87,8.95,0,0,70.00,0
0,0.33,12.08,0,0,77.00,0
0,1.58,10.07,0,0,81.00,0
0,0.00,12.08,0,0,80.10,0
0,0.00,14.09,1,0,62.10,1
0,0.00,17.90,1,0,57.90,1
0,0.00,14.09,1,0,63.00,1
0,0.00,19.91,1,0,75.90,1
0,0.00,10.07,1,0,63.00,1
0,0.00,21.92,1,0,86.00,1
0,0.00,14.99,1,0,91.00,1
0,0.19,17.90,0,0,86.00,0
0,0.00,16.11,0,0,96.10,0
0,0.00,19.91,1,0,93.90,1
0,0.00,14.09,1,0,100.90,1
0,0.00,17.90,1,0,98.10,1
0,1.12,19.91,0,0,95.00,0
0,0.03,21.03,0,0,90.00,1
0,0.08,14.09,0,0,87.10,0
0,0.06,17.00,0,0,89.10,0
0,0.00,6.93,0,0,87.10,0
0,0.00,10.07,1,0,89.10,1
0,2.08,12.97,0,0,75.00,0
0,0.13,21.03,0,0,81.00,1
0,0.00,10.96,0,0,84.00,0
0,0.00,14.99,1,0,91.90,1
0,0.91,19.91,0,0,89.10,0
0,0.03,14.09,0,0,89.10,0
0,0.00,21.03,0,0,88.00,1
0,0.00,14.09,1,0,80.10,1
0,0.00,17.00,1,0,72.00,1
0,0.00,14.09,1,0,75.00,1
0,0.00,8.05,1,0,82.00,1
0,0.00,14.99,1,0,84.00,1
0,0.00,14.99,1,0,66.90,1
0,0.11,12.08,0,0,73.00,0
0,0.00,12.08,0,0,72.00,0
0,0.19,25.05,0,0,78.10,1
0,0.01,16.11,0,0,72.00,0
0,0.18,12.97,0,0,64.90,0
0,0.29,10.07,0,0,46.00,0
0,0.00,14.09,0,0,59.00,0
0,0.00,12.08,1,0,66.90,1
0,0.09,14.09,0,0,57.90,0
0,0.00,6.04,0,0,64.90,0
0,0.00,8.95,1,0,75.90,1
0,0.01,23.04,0,0,72.00,1
0,0.00,17.00,0,0,62.10,0
0,0.01,17.00,0,0,60.10,0
0,0.00,14.09,0,0,51.10,0
0,0.00,8.05,1,0,48.90,1
0,0.06,12.08,0,0.98,46.00,1
0,0.00,8.05,0,0,37.90,0
0,0.00,10.07,1,0,41.00,1
0,0.35,31.99,0,0,72.00,1
0,0.43,16.11,0,0,48.00,0
0,0.00,12.97,0,0,60.10,0
0,0.14,21.92,0,0,51.10,1
0,0.86,25.05,0,0,57.90,1
0,0.00,12.97,0,0,48.90,0
0,0.41,17.90,0,0,50.00,0
0,0.00,16.11,0,0,55.00,0
0,0.00,14.99,1,0,53.10,1
0,0.00,17.90,1,0,66.90,1
0,0.00,17.00,1,0,52.00,1
0,0.01,17.00,0,0,71.10,0
0,0.00,19.91,0,0,71.10,0
0,0.02,17.00,0,0,71.10,0
0,0.13,14.99,0,0,66.90,0
0,0.00,12.97,0,0,71.10,0
0,0.86,10.07,0,0,72.00,0
0,0.00,12.08,0,0,66.00,0
0,1.41,18.12,0,0,68.00,0
0,0.00,14.99,0,0,80.10,0
0,0.42,17.00,0,0,78.10,0
0,0.00,14.99,0,0,84.90,0
0,0.00,14.99,1,0,84.90,1
0,0.11,18.12,0,0,87.10,0
0,0.00,14.09,0,0,79.00,0
0,0.02,8.05,0,0,87.10,0
0,0.05,29.97,0,0,93.90,1
0,0.00,14.09,0,0,87.10,0
0,0.00,14.09,1,0,82.00,1
0,0.00,12.08,1,0,82.90,1
0,0.01,21.03,0,0,91.90,1
0,0.99,18.12,0,0,87.10,0
0,0.00,17.00,0,0,89.10,0
0,0.04,19.91,0,0,89.10,0
0,0.53,12.97,0,0,78.10,0
0,0.00,18.12,0,0,90.00,0
0,0.00,14.09,1,0,91.00,1
0,0.50,16.11,0,0,96.10,0
0,0.00,14.09,0,0,80.10,0
0,0.46,16.11,0,0,90.00,0
0,0.14,16.11,0,0,84.00,0
0,0.00,12.97,0,0,87.10,0
0,0.01,12.08,0,0,88.00,0
0,0.00,8.95,0,0,89.10,0
0,0.00,14.09,1,0,88.00,1
0,0.00,14.99,1,0,80.10,1
0,0.00,8.05,1,0,89.10,1
0,0.00,12.08,1,0,88.00,1
0,0.00,8.95,1,0,91.00,1
0,0.00,12.08,1,0,84.90,1
0,0.77,10.07,0,0,75.90,0
0,0.00,6.93,0,0,75.90,0
0,0.00,8.95,1,0,75.00,1
0,0.00,16.11,1,0,73.90,1
0,0.00,8.95,1,0,84.90,1
0,0.00,12.97,1,0,86.00,1
0,0.86,21.03,0,0,73.90,1
0,0.11,14.99,0,0,64.90,0
0,0.00,17.00,0,0,77.00,0
0,0.01,12.08,0,0,70.00,0
0,0.00,12.97,0,0,64.90,0
0,0.00,8.05,1,0,69.10,1
0,0.00,14.99,1,0,63.00,1
0,0.00,8.95,1,0,71.10,1
0,0.00,16.11,1,0,45.00,1
0,0.00,14.99,1,0,57.00,1
0,0.00,14.99,1,0,43.00,1
0,0.00,14.09,1,0,50.00,1
0,0.00,8.05,1,0,59.00,1
0,0.03,18.12,0,0,66.90,0
0,0.05,17.00,0,0,42.10,0
0,0.47,12.08,0,0,48.00,0
0,0.00,12.08,0,0,44.10,0
0,0.00,12.97,1,0,52.00,1
0,0.00,18.12,1,0,60.10,1
0,0.00,12.97,1,0,48.90,1
0,0.00,17.00,1,0,66.90,1
0,0.00,12.97,1,0,46.90,1
0,0.03,8.05,0,0,53.10,0
0,1.94,21.92,0,0,63.00,1
0,0.00,8.95,0,0,53.10,0
0,0.13,29.97,0,0,61.00,1
0,0.57,10.07,0,0,45.00,0
0,0.00,16.11,0,0,57.90,0
0,0.00,18.12,1,0,64.00,1
0,0.00,19.91,1,0,52.00,1
0,0.00,14.99,1,0,60.10,1
0,0.00,21.92,1,0,55.00,1
0,0.00,12.08,1,0,55.00,1
0,0.00,12.97,1,0,66.00,1
0,0.00,16.11,1,0,73.90,1
0,0.00,16.11,1,0,79.00,1
0,0.49,25.05,0,0,66.00,1
0,0.00,31.99,0,0,82.00,1
0,0.01,21.92,0,0,66.90,1
0,0.07,12.97,0,0,68.00,0
0,0.00,17.00,0,0,54.00,0
0,0.56,16.11,0,0,53.10,0
0,0.00,17.00,0,0,82.90,0
0,0.00,19.91,1,0,79.00,1
0,0.00,14.99,1,0,66.90,1
0,1.12,23.94,0,0,77.00,1
0,0.00,27.96,0,0,79.00,1
0,0.00,19.91,1,0,82.90,1
0,0.00,8.95,1,0,86.00,1
0,0.00,10.07,1,0,82.00,1
0,0.09,17.00,0,0,87.10,0
0,0.00,12.97,0,0,73.90,0
0,0.00,18.12,1,0,96.10,1
0,0.27,31.09,0,0,97.00,1
0,0.64,17.00,0,0,91.00,0
0,0.00,17.00,0,0,84.90,0
0,0.00,23.04,1,0,98.10,1
0,0.66,17.00,0,0,88.00,0
0,0.00,14.99,0,0,98.10,0
0,0.93,8.95,0,0,81.00,0
0,0.00,8.95,0,0,82.90,0
0,0.00,12.08,1,0,90.00,1
0,0.45,21.03,0,0,87.10,1
0,0.00,18.12,0,0,88.00,0
0,0.00,12.08,1,0,88.00,1
0,0.00,12.08,1,0,86.00,1
0,2.45,23.04,0,0,87.10,1
0,0.00,12.08,0,0,86.00,0
0,0.00,12.97,1,0,75.90,1
0,0.09,19.91,0,0,84.90,0
0,0.00,14.09,0,0,73.00,0
0,0.00,19.91,1,0,75.90,1
0,0.00,14.99,1,0,82.90,1
0,0.62,18.12,0,0,75.00,0
0,0.00,12.97,0,0,62.10,0
0,0.00,8.95,1,0,75.90,1
0,0.00,12.97,1,0,48.00,1
0,0.64,21.92,0,0,66.00,1
0,0.01,25.05,0,0,72.00,1
0,0.00,14.99,0,0,57.00,0
0,0.00,14.99,1,0,48.00,1
0,0.00,8.95,1,0,60.10,1
0,0.00,8.95,1,0,51.10,1
0,0.00,12.08,1,0,62.10,1
0,0.01,14.99,0,0,61.00,0
0,0.72,12.08,0,0,55.00,0
0,0.00,14.99,0,0,55.90,0
0,0.00,21.03,1,0,55.00,1
1,0.02,14.99,0,0,46.90,1
0,0.00,19.91,0,0,57.00,0
0,0.00,23.04,1,0,60.10,1
0,0.40,17.00,0,0,62.10,0
0,0.17,16.11,0,0,45.00,0
0,0.00,23.04,0,0,29.10,1
0,0.00,17.00,1,1.18,37.00,1
0,0.07,14.09,0,0,43.00,0
0,0.00,17.00,0,0,37.00,0
0,0.11,16.11,0,0,75.90,0
0,0.00,17.00,0,0,82.00,0
0,0.86,21.03,0,0,72.00,1
0,0.21,19.91,0,0,66.00,0
0,0.00,14.99,0,0,64.90,0
0,0.08,8.05,0,0,41.00,0
0,0.00,17.00,0,0,57.90,0
0,0.00,17.00,1,0,37.00,1
0,0.00,12.97,1,0,39.90,1
0,0.00,12.97,1,0,45.00,1
0,0.00,27.96,1,0,50.00,1
0,0.00,16.11,1,0,52.00,1
0,0.00,19.91,1,0,64.00,1
0,0.00,17.90,1,0,50.00,1
0,0.00,17.90,1,0,55.00,1
0,0.00,14.09,1,0,61.00,1
0,0.96,38.03,0,0,68.00,1
0,0.00,25.95,0,0,69.10,1
0,0.00,12.97,1,0,55.00,1
0,0.00,14.09,1,0,59.00,1
0,0.00,12.97,1,0,66.90,1
0,0.00,17.00,1,0,82.90,1
0,0.00,16.11,1,0,73.90,1
0,0.04,14.09,0,0,87.10,0
0,0.00,16.11,0,0,86.00,0
0,0.00,17.90,1,0,82.00,1
0,0.00,12.97,1,0,64.00,1
0,0.01,17.00,0,0,70.00,0
0,1.76,25.05,0,0,77.00,1
0,0.00,23.94,0,0,87.10,1
0,0.08,14.09,0,0,57.00,0
0,0.96,12.97,0,0,82.00,0
0,0.00,12.08,0,0,82.00,0
0,0.00,16.11,1,0,91.00,1
0,0.00,12.08,1,0,91.90,1
0,0.18,14.09,0,0,79.00,0
0,0.01,12.97,0,0,75.00,0
0,0.38,27.96,0,0,97.00,1
0,0.18,19.91,0,0,93.00,0
0,0.00,17.90,0,0,93.90,0
0,0.00,17.90,1,0,95.00,1
0,0.00,21.03,1,0,98.10,1
0,0.00,8.95,1,0,81.00,1
0,0.00,14.09,1,0,88.00,1
0,0.00,17.00,1,0,84.00,1
0,0.00,14.09,1,0,88.00,1
0,0.57,38.03,0,0,90.00,1
0,0.00,14.99,0,0,89.10,0
0,0.00,12.97,1,0,93.00,1
0,0.00,12.08,1,0,97.00,1
0,0.17,16.11,0,0,102.00,0
0,0.00,17.90,0,0,100.90,0
0,0.01,21.03,0,0,97.00,1
0,0.00,17.00,0,0,97.00,0
0,0.06,23.94,0,0,105.10,1
0,0.53,12.08,0,0,90.00,0
0,0.00,14.09,0,0,91.00,0
0,0.00,16.11,1,0,88.00,1
0,0.00,14.09,1,0,93.00,1
0,0.00,16.11,1,0,100.90,1
0,0.00,8.95,1,0,91.00,1
0,0.00,10.07,1,0,89.10,1
0,0.00,14.09,1,0,82.00,1
0,0.00,10.07,1,0,84.90,1
0,0.13,10.07,0,0,78.10,0
0,0.00,8.05,0,0,90.00,0
0,0.09,19.91,0,0,84.00,0
0,0.00,14.09,0,0,81.00,0
0,0.00,16.11,1,0,82.90,1
0,2.19,12.97,0,0,71.10,0
0,0.00,16.11,0,0,64.90,0
0,0.00,17.00,1,0,68.00,1
0,0.00,16.11,1,0,57.90,1
0,0.00,16.11,1,0,78.10,1
0,0.00,29.08,1,0,77.00,1
0,0.00,14.09,1,0,64.00,1
0,0.00,14.99,1,0,57.00,1
0,0.04,23.94,0,0,62.10,1
0,0.00,12.08,0,0,52.00,0
0,0.00,6.93,1,0,46.00,1
0,0.00,14.09,1,0,50.00,1
0,0.00,12.97,1,0,54.00,1
0,0.00,14.99,1,0,72.00,1
0,0.00,14.99,1,0,57.90,1
0,0.00,12.97,1,0,46.90,1
0,0.00,10.07,1,0,46.00,1
0,0.00,10.07,1,0,37.00,1
0,0.15,10.07,0,0,42.10,0
0,0.00,14.99,0,0,71.10,0
0,0.00,12.97,1,0,61.00,1
0,0.00,17.00,1,0,57.90,1
0,0.00,23.04,1,0,64.90,1
1,0.01,16.11,0,0,43.00,1
0,0.02,14.99,0,0,62.10,0
0,0.00,17.90,0,0,48.90,0
0,0.00,23.94,1,0,64.00,1
0,0.20,40.94,0,0,66.00,1
0,0.08,33.11,0,0,75.00,1
0,0.00,25.05,0,0,66.00,1
0,0.00,21.92,1,0,73.00,1
0,0.36,16.11,0,0,45.00,0
0,0.98,14.99,0,0,60.10,0
0,0.02,25.95,0,0,77.00,1
0,0.25,14.99,0,0,64.90,0
0,0.00,21.92,0,0,82.90,1
0,0.00,14.99,1,0,55.00,1
0,0.00,23.04,1,0,80.10,1
0,0.00,12.97,1,0,82.00,1
0,0.00,14.09,1,0,79.00,1
0,0.00,17.00,1,0,71.10,1
0,0.00,12.08,1,0,80.10,1
0,0.00,8.95,1,0,78.10,1
0,0.00,14.09,1,0,84.00,1
0,0.00,14.99,1,0,99.00,1
0,0.00,14.09,1,0,100.90,1
0,0.00,14.99,1,0,93.00,1
0,0.00,14.99,1,0,88.00,1
0,0.00,14.99,1,0,88.00,1
0,0.62,25.05,0,0,95.00,1
0,0.86,17.90,0,0,87.10,0
0,0.11,23.04,0,0,90.00,1
0,0.09,25.95,0,0,91.00,1
0,0.05,17.90,0,0,95.00,0
0,0.12,21.92,0,0,88.00,1
0,0.00,16.11,0,0,88.00,0
0,0.00,10.07,1,0,91.00,1
0,1.38,17.00,0,0,73.90,0
0,0.00,17.90,0,0,75.90,0
0,0.00,10.07,1,0,75.00,1
0,0.00,14.09,1,0,75.00,1
0,0.00,12.08,1,0,82.00,1
0,0.00,6.93,1,0,79.00,1
0,0.26,17.00,0,0,70.00,0
0,0.00,12.97,0,0,73.90,0
0,0.00,12.08,1,0,60.10,1
0,0.00,14.09,1,0,75.00,1
0,0.00,12.97,1,0,77.00,1
0,0.00,12.97,1,0,57.00,1
0,0.81,12.97,0,0,64.00,0
0,0.00,19.91,0,0,55.90,0
0,0.00,12.08,1,0,55.00,1
0,0.00,10.07,1,0,48.90,1
0,0.00,12.08,1,0,54.00,1
0,0.06,8.05,0,0,46.90,0
0,0.09,17.00,0,0,57.90,0
0,0.00,21.92,0,0,70.00,1
0,0.00,23.94,1,0,57.00,1
0,0.00,12.08,1,0,42.10,1
0,0.00,14.09,1,0,60.10,1
0,0.00,12.08,1,0,50.00,1
0,0.06,23.04,0,0,57.90,1
0,0.00,12.97,0,0,28.00,1
0,0.15,16.11,0,0,46.00,0
0,0.00,17.90,0,0,43.00,0
0,0.00,17.00,1,0,54.00,1
0,0.00,17.00,1,0,44.10,1
0,0.00,17.00,1,0,61.00,1
0,0.00,17.90,1,0,69.10,1
0,0.00,17.90,1,0,82.90,1
0,0.00,16.11,1,0,62.10,1
0,0.53,16.11,0,0,46.90,0
0,0.87,8.95,0,0,48.90,0
0,0.00,14.09,0,0,60.10,0
0,0.91,29.08,0,0,70.00,1
0,0.00,12.97,0,0,69.10,0
0,0.01,14.09,0,0,70.00,0
0,0.06,34.90,0,0,78.10,1
0,0.00,16.11,0,0,73.90,0
0,0.00,25.05,1,0,61.00,1
0,0.00,17.90,1,0,72.00,1
0,0.00,17.00,1,0,63.00,1
0,0.00,19.91,1,0,68.00,1
0,0.00,19.91,1,0,80.10,1
0,0.00,17.00,1,0,82.90,1
0,0.07,23.94,0,0,82.00,1
0,0.00,17.00,0,0,84.00,0
0,0.00,25.95,1,0,86.00,1
0,0.29,17.90,0,0,73.00,0
0,0.00,14.99,0,0,88.00,0
0,0.76,17.00,0,0,90.00,0
0,0.00,14.09,0,0,75.90,0
0,0.00,8.95,1,0,86.00,1
0,0.07,12.97,0,0,84.90,0
0,0.04,17.90,0,0,84.90,0
0,0.42,14.99,0,0,73.00,0
0,0.03,12.97,0,0,91.00,0
0,0.00,17.00,0,0,90.00,0
0,0.00,14.09,1,0,88.00,1
0,0.02,14.09,0,0,89.10,0
0,0.00,12.08,0,0,91.00,0
0,0.02,14.99,0,0,91.90,0
0,0.00,14.09,0,0,87.10,0
0,0.00,14.09,1,0,90.00,1
0,0.03,17.90,0,0,91.00,0
0,0.63,19.91,0,0,82.00,0
0,0.27,21.92,0,0,97.00,1
0,0.34,12.08,0,0,91.90,0
0,0.00,21.92,0,0,93.90,1
0,0.23,12.08,0,0,84.90,0
0,0.00,17.90,0,0,99.00,0
0,0.00,14.99,1,0,84.90,1
0,0.00,12.08,1,0,88.00,1
0,0.00,12.97,1,0,95.00,1
0,0.00,17.90,1,0,91.90,1
0,0.01,12.08,0,0,86.00,0
0,0.00,12.08,0,0,87.10,0
0,0.00,12.08,1,0,91.00,1
0,1.45,12.97,0,0,81.00,0
0,0.25,12.97,0,0,82.90,0
0,0.02,19.91,0,0,77.00,0
0,0.30,25.05,0,0,66.90,1
0,0.00,16.11,0,0,48.00,0
0,0.00,10.07,1,0,50.00,1
0,0.00,14.09,1,0,48.90,1
0,0.00,17.00,1,0,48.90,1
0,0.00,17.00,1,0,45.00,1
0,0.00,17.00,1,0,39.00,1
0,0.59,21.03,0,0,50.00,1
0,0.14,31.99,0,0,53.10,1
0,0.00,12.08,0,0,39.90,0
0,0.00,14.99,1,0,39.00,1
0,0.00,27.96,1,0,73.90,1
0,0.00,21.92,1,0,55.00,1
0,0.00,14.09,1,0,80.10,1
0,2.14,16.11,0,0,66.00,0
0,0.00,21.03,0,0,86.00,1
0,0.00,12.97,1,0,55.90,1
0,0.00,12.97,1,0,84.00,1
0,0.00,17.90,1,0,87.10,1
0,0.00,17.00,1,0,91.90,1
0,0.00,23.94,1,0,66.90,1
0,0.00,21.03,1,0,73.00,1
0,0.00,12.97,1,0,75.00,1
0,0.00,19.91,1,0,82.00,1
0,0.00,12.97,1,0,73.00,1
0,0.00,17.00,1,0,82.90,1
0,0.00,17.00,1,0,88.00,1
0,0.00,14.09,1,0,91.00,1
0,0.22,12.97,0,0,84.00,0
0,0.39,36.01,0,0,91.90,1
0,0.00,14.99,0,0,87.10,0
0,0.03,14.99,0,0,82.90,0
0,0.06,10.07,0,0,89.10,0
0,0.00,12.08,0,0,96.10,0
0,0.20,12.97,0,0,82.90,0
0,0.12,12.97,0,0,84.90,0
0,0.00,14.09,0,0,91.00,0
0,0.11,19.91,0,0,95.00,0
0,0.82,36.01,0,0,95.00,1
0,2.05,25.05,0,0,96.10,1
0,0.08,14.99,0,0,91.00,0
0,1.18,23.04,0,0,93.90,1
0,0.00,14.09,0,0,91.90,0
0,0.00,14.09,1,0,91.90,1
0,0.00,10.07,1,0,96.10,1
0,0.03,12.97,0,0,98.10,0
0,0.05,19.91,0,0,104.00,0
0,0.00,14.99,0,0,98.10,0
0,0.00,12.08,1,0,95.00,1
0,0.00,16.11,1,0,91.00,1
0,1.91,14.09,0,0,82.90,0
0,0.00,14.99,0,0,75.90,0
0,0.00,12.08,1,0,91.00,1
0,0.00,14.09,1,0,82.00,1
0,0.00,12.97,1,0,87.10,1
0,0.04,17.90,0,0,88.00,0
0,0.00,14.99,0,0,69.10,0
0,0.08,17.00,0,0,70.00,0
0,0.37,12.97,0,0,75.00,0
0,0.00,23.04,0,0,62.10,1
0,0.00,14.09,1,0,66.00,1
0,0.00,19.91,1,0,63.00,1
0,0.00,12.08,1,0,54.00,1
0,0.00,10.07,1,0,57.90,1
0,0.32,21.92,0,0,66.00,1
0,0.00,12.08,0,0,70.00,0
0,0.00,12.97,1,0,57.00,1
0,0.00,14.09,1,0,71.10,1
0,0.00,21.92,1,0,79.00,1
0,0.24,25.05,0,0,53.10,1
0,0.02,12.97,0,0,53.10,0
0,0.04,21.03,0,0,64.00,1
0,0.00,19.91,0,0,35.10,0
0,0.00,17.90,1,0,69.10,1
0,0.15,16.11,0,0,55.90,0
0,0.00,17.90,0,0,44.10,0
1,0.55,17.00,0,0,39.00,1
0,0.00,17.90,0,0,46.90,0
0,0.00,12.08,1,0,48.00,1
0,0.00,12.08,1,0,52.00,1
0,0.00,12.08,1,0,55.00,1
0,0.00,10.07,1,0,61.00,1
0,0.00,25.05,1,0,75.90,1
0,0.00,12.08,1,0,59.00,1
0,0.00,21.03,1,0,66.90,1
0,0.00,33.11,1,0,64.90,1
1,0.01,14.09,0,0,50.00,1
0,0.47,23.94,0,0,61.00,1
0,0.00,19.91,0,0,55.90,0
0,1.02,17.90,0,0,59.00,0
0,0.00,14.09,0,0,52.00,0
0,0.00,12.08,1,0,64.00,1
0,0.00,17.00,1,0,75.90,1
0,0.01,14.99,0,0,63.00,0
0,0.00,16.11,0,0,66.90,0
0,0.00,25.95,1,0,77.00,1
0,0.39,21.92,0,0,73.00,1
0,0.00,14.99,0,0,64.00,0
0,0.00,12.08,1,0,71.10,1
0,0.06,27.96,0,0,75.90,1
0,0.00,21.92,0,0,61.00,1
0,0.00,14.99,1,0,86.00,1
0,0.43,25.05,0,0,73.90,1
0,1.16,14.99,0,0,79.00,0
0,0.68,29.08,0,0,71.10,1
0,0.00,21.03,0,0,78.10,1
0,0.00,23.04,1,0,81.00,1
0,0.43,23.94,0,0,82.00,1
0,0.57,25.95,0,0,79.00,1
0,0.00,19.91,0,0,75.00,0
0,0.00,21.92,1,0,93.90,1
0,0.00,19.91,1,0,93.00,1
0,0.00,16.11,1,0,90.00,1
0,0.00,23.04,1,0,91.00,1
0,0.01,16.11,0,0,89.10,0
0,0.00,17.00,0,0,95.00,0
0,0.03,14.09,0,0,87.10,0
0,0.00,14.09,0,0,87.10,0
0,0.00,14.99,1,0,88.00,1
0,0.00,8.95,1,0,86.00,1
0,0.00,8.95,1,0,93.00,1
0,0.00,12.08,1,0,93.90,1
0,0.10,17.90,0,0,95.00,0
0,0.00,8.95,0,0,96.10,0
0,0.00,14.09,1,0,96.10,1
0,0.00,14.09,1,0,89.10,1
0,0.00,12.97,1,0,86.00,1
0,0.36,17.00,0,0,91.00,0
0,0.00,10.07,0,0,86.00,0
0,0.00,12.97,1,0,88.00,1
0,0.07,14.99,0,0,81.00,0
0,0.64,29.97,0,0,91.00,1
0,0.00,12.97,0,0,86.00,0
0,0.00,8.95,1,0,89.10,1
0,0.00,12.08,1,0,90.00,1
0,0.00,21.92,1,0,91.00,1
0,0.00,14.09,1,0,80.10,1
0,0.00,21.92,1,0,75.90,1
0,0.00,12.97,1,0,82.00,1
0,0.01,12.97,0,0,81.00,0
0,0.00,12.97,0,0,70.00,0
0,0.00,8.05,1,0,79.00,1
0,0.00,12.97,1,0,71.10,1
0,0.00,12.97,1,0,73.90,1
0,0.30,17.00,0,0,62.10,0
0,0.00,14.09,0,0,60.10,0
0,0.00,8.95,1,0,77.00,1
0,0.00,10.07,1,0,66.00,1
0,0.00,16.11,1,0,57.00,1
0,0.05,19.91,0,0,44.10,0
0,0.18,21.03,0,0,54.00,1
0,0.00,10.96,0,0,54.00,0
0,0.00,10.07,1,0,68.00,1
0,0.04,16.11,0,0,50.00,0
0,0.00,12.97,0,0,52.00,0
0,0.00,8.95,1,0,48.00,1
0,1.40,27.96,0,0,69.10,1
0,0.00,12.08,0,0,57.00,0
0,0.02,21.03,0,0,61.00,1
0,0.60,25.05,0,0,60.10,1
0,0.00,25.05,0,0,66.90,1
0,0.31,23.94,0,0,66.00,1
0,0.23,27.96,0,0,73.90,1
0,0.62,12.08,0,0,55.90,0
0,0.00,12.97,0,0,48.00,0
0,0.00,14.09,1,0,44.10,1
0,0.00,17.00,1,0,41.00,1
0,0.00,12.97,1,2.01,35.10,1
0,0.00,14.09,1,0,48.90,1
0,0.00,12.08,1,0,57.00,1
0,0.00,14.09,1,0,34.00,1
0,0.00,17.00,1,0,71.10,1
0,0.00,21.92,1,0,68.00,1
0,0.01,21.92,0,0,50.00,1
0,0.00,12.08,0,0,55.90,0
0,0.00,19.91,1,0,84.00,1
0,0.41,12.08,0,0,51.10,0
0,0.64,21.03,0,0,75.90,1
0,0.00,10.07,0,0,66.90,0
0,0.00,16.11,1,0,57.90,1
0,0.46,19.91,0,0,71.10,0
0,0.00,29.08,0,0,64.90,1
0,0.00,16.11,1,0,89.10,1
0,0.29,25.95,0,0,87.10,1
0,0.10,19.91,0,0,84.00,0
0,0.00,10.07,0,0,80.10,0
0,0.00,14.09,1,0,79.00,1
0,0.00,14.99,1,0,82.00,1
0,0.65,25.95,0,0,86.00,1
0,0.13,17.90,0,0,80.10,0
0,0.82,23.04,0,0,93.90,1
0,0.00,14.99,0,0,91.00,0
0,0.00,10.07,1,0,95.00,1
0,0.00,14.09,1,0,91.90,1
0,0.03,8.95,0,0,82.00,0
0,0.00,8.95,0,0,91.00,0
0,0.00,19.91,1,0,91.00,1
0,0.06,12.08,0,0,86.00,0
0,0.00,8.05,0,0,88.00,0
0,0.00,25.05,1,0,96.10,1
0,0.00,27.96,1,0,95.00,1
0,0.00,10.07,1,0,91.90,1
0,0.00,17.90,1,0,99.00,1
0,0.00,17.90,1,0,96.10,1
0,0.00,21.03,1,0,79.00,1
0,0.00,17.00,1,0,79.00,1
0,0.00,12.08,1,0,89.10,1
0,0.00,12.08,1,0,87.10,1
0,0.05,14.09,0,0,79.00,0
0,0.00,14.99,0,0,78.10,0
0,0.00,17.90,1,0,81.00,1
0,0.00,23.04,1,0,105.10,1
0,0.00,17.90,1,0,102.00,1
0,0.00,8.05,1,0,82.90,1
0,0.00,8.05,1,0,91.90,1
0,0.00,14.99,1,0,96.10,1
0,0.00,17.00,1,0,98.10,1
0,1.10,10.07,0,0,88.00,0
0,0.00,14.99,0,0,91.90,0
0,0.00,21.92,1,0,91.90,1
0,0.00,8.95,1,0,90.00,1
0,0.00,14.09,1,0,88.00,1
0,0.00,10.07,1,0,82.00,1
0,0.00,12.08,1,0,88.00,1
0,0.00,12.97,1,0,91.90,1
0,0.00,12.08,1,0,78.10,1
0,0.00,12.97,1,0,79.00,1
0,0.72,10.07,0,0,82.00,0
0,1.70,23.04,0,0,81.00,1
0,0.00,8.95,0,0,75.90,0
0,0.00,10.07,1,0,82.00,1
0,0.99,12.08,0,0,68.00,0
0,0.00,12.97,0,0,86.00,0
0,0.38,16.11,0,0,52.00,0
0,0.00,14.09,0,0,72.00,0
0,0.00,17.90,1,0,73.00,1
0,0.00,17.00,1,0,79.00,1
0,0.00,14.09,1,0,72.00,1
0,0.00,8.95,1,0,68.00,1
0,0.07,21.03,0,0,51.10,1
0,0.00,12.08,0,0,61.00,0
0,0.00,8.95,1,0,64.90,1
0,0.00,12.08,1,0,73.90,1
0,0.00,12.08,1,0,75.00,1
0,0.00,14.09,1,0,73.90,1
0,0.00,17.90,1,0,51.10,1
0,0.00,14.09,1,0,55.00,1
0,0.00,19.91,1,0,55.90,1
0,0.00,14.99,1,0,61.00,1
0,0.00,10.07,1,0,55.00,1
0,0.05,8.05,0,0,55.90,0
0,0.02,14.09,0,0,72.00,0
0,0.00,17.90,0,0,64.90,0
0,0.24,17.00,0,0,50.00,0
0,0.00,8.95,0,0,57.90,0
0,0.18,19.91,0,0,62.10,0
0,0.00,17.00,0,0,50.00,0
0,1.41,23.04,0,0,48.90,1
0,0.24,12.08,0,0,48.90,0
0,0.00,6.93,0,0,45.00,0
0,0.00,8.95,1,0,55.90,1
0,0.00,12.08,1,0,68.00,1
0,0.00,12.97,1,0,64.90,1
0,0.00,21.03,1,0,75.00,1
0,0.00,14.09,1,0,69.10,1
1,1.41,31.99,0,0,51.10,1
0,0.00,14.99,0,0,43.00,0
0,0.00,17.00,1,0,42.10,1
0,0.00,17.90,1,0,36.00,1
0,0.00,17.00,1,0,73.00,1
0,0.00,14.99,1,0,60.10,1
0,0.23,12.08,0,0,50.00,0
0,0.00,16.11,0,0,54.00,0
0,0.00,12.97,1,0,48.00,1
0,0.00,12.08,1,0,66.90,1
0,0.28,14.09,0,0,43.00,0
0,0.00,17.00,0,0,46.00,0
0,0.73,17.90,0,0,43.00,0
0,0.00,17.00,0,0,52.00,0
0,0.00,14.09,1,0,57.90,1
0,0.00,16.11,1,0,60.10,1
0,0.72,17.00,0,0,48.00,0
0,0.00,21.03,0,0,78.10,1
0,1.04,23.94,0,0,80.10,1
0,0.00,14.09,0,0,73.90,0
0,0.00,18.12,1,0,79.00,1
0,0.01,19.91,0,0,61.00,0
0,0.01,19.91,0,0,62.10,0
0,0.00,16.11,0,0,72.00,0
0,0.00,16.11,1,0,64.90,1
0,0.00,17.00,1,0,70.00,1
0,0.01,14.99,0,0,82.90,0
0,0.00,12.97,0,0,73.00,0
0,0.00,16.11,1,0,84.90,1
0,0.45,16.11,0,0,82.90,0
0,0.38,17.00,0,0,77.00,0
0,0.00,14.99,0,0,84.90,0
0,0.00,17.00,1,0,82.00,1
0,0.29,19.91,0,0,91.90,0
0,0.00,14.09,0,0,89.10,0
0,0.01,17.00,0,0,88.00,0
0,0.05,12.97,0,0,77.00,0
0,0.00,8.95,0,0,90.00,0
0,0.13,14.09,0,0,88.00,0
0,0.03,14.09,0,0,87.10,0
0,0.00,14.09,0,0,87.10,0
0,2.30,18.12,0,0,91.00,0
0,0.00,14.09,0,0,84.00,0
0,0.00,12.08,1,0,91.00,1
0,0.08,10.96,0,0,93.90,0
0,0.00,12.97,0,0,75.90,0
0,0.00,10.07,1,0,71.10,1
0,0.19,12.97,0,0,73.00,0
0,0.00,6.93,0,0,82.90,0
0,0.00,12.97,1,0,82.90,1
0,0.00,8.05,1,0,88.00,1
0,0.00,14.09,1,0,82.00,1
0,0.00,14.09,1,0,75.00,1
0,0.00,10.07,1,0,75.90,1
0,0.19,17.00,0,0,62.10,0
0,0.00,14.99,0,0,59.00,0
0,0.00,16.11,1,0,59.00,1
0,0.00,19.91,1,0,75.90,1
0,1.23,21.92,0,0,73.00,1
0,0.00,12.08,0,0,57.00,0
0,0.00,17.00,1,0,72.00,1
0,0.00,8.95,1,0,59.00,1
0,0.00,8.95,1,0,69.10,1
0,0.03,17.00,0,0,71.10,0
0,0.00,10.07,0,0,43.00,0
0,0.83,18.12,0,0,66.00,0
0,0.71,14.99,0,0,50.00,0
0,0.00,12.08,0,0,48.00,0
0,0.00,27.96,1,0,79.00,1
0,0.03,12.97,0,0,54.00,0
0,0.28,25.95,0,0,78.10,1
0,0.00,8.05,0,0,52.00,0
0,0.00,8.95,1,0,59.00,1
0,0.00,16.11,1,0,62.10,1
0,0.00,21.03,1,0,55.90,1
0,0.00,14.99,1,0,37.90,1
0,0.18,14.99,0,0,33.10,0
0,0.00,10.07,0,1.18,27.10,1
0,0.00,12.08,1,1.18,37.90,1
0,0.00,18.12,1,0,64.00,1
0,0.48,16.11,0,0,39.90,0
0,0.00,10.07,0,0,42.10,0
0,0.00,10.07,1,0,52.00,1
0,0.08,12.97,0,0,43.00,0
0,0.64,17.00,0,0,30.20,1
0,0.40,31.99,0,0,73.00,1
0,0.00,8.05,0,0,64.00,0
0,0.00,10.07,1,0,53.10,1
0,0.00,10.07,1,0,48.90,1
0,0.00,17.00,1,0,45.00,1
0,0.00,17.00,1,0,37.90,1
0,0.35,29.08,0,0,70.00,1
0,0.00,17.00,0,0,69.10,0
0,0.03,12.97,0,0,45.00,0
0,0.00,17.00,0,0,59.00,0
0,0.23,25.05,0,0,62.10,1
0,0.00,16.11,0,0,80.10,0
0,0.00,18.12,1,0,86.00,1
0,0.00,14.99,1,0,71.10,1
0,0.00,18.12,1,0,60.10,1
0,1.42,18.12,0,0,64.00,0
0,0.00,21.03,0,0,73.90,1
0,0.18,14.99,0,0,63.00,0
0,0.05,12.97,0,0,64.90,0
0,0.07,21.03,0,0,89.10,1
0,0.00,14.99,0,0,89.10,0
0,3.38,14.99,0,0,79.00,0
0,0.00,16.11,0,0,71.10,0
0,0.00,14.09,1,0,78.10,1
0,0.00,10.07,1,0,82.90,1
0,0.02,21.92,0,0,91.90,1
0,0.00,18.12,0,0,91.00,0
0,0.08,12.08,0,0,84.90,0
0,0.08,14.99,0,0,95.00,0
0,0.00,18.12,0,0,97.00,0
0,0.00,17.00,1,0,97.00,1
0,0.00,12.08,1,0,88.00,1
0,0.00,8.95,1,0,86.00,1
0,4.21,17.00,0,0,93.90,0
0,0.00,17.00,0,0,91.90,0
0,1.45,21.92,0,0,88.00,1
0,1.01,12.97,0,0,73.90,0
0,0.00,8.95,0,0,89.10,0
0,0.00,8.05,1,0,86.00,1
0,0.00,16.11,1,0,79.00,1
0,0.00,14.09,1,0,82.00,1
0,0.00,8.95,1,0,91.90,1
0,0.00,12.97,1,0,91.00,1
0,0.00,16.11,1,0,80.10,1
0,0.63,17.00,0,0,84.00,0
0,0.00,12.08,0,0,81.00,0
0,0.00,12.97,1,0,64.90,1
0,0.00,8.95,1,0,70.00,1
0,0.18,19.91,0,0,78.10,0
0,0.00,17.00,0,0,53.10,0
0,0.00,12.97,1,0,64.00,1
0,0.00,14.09,1,0,59.00,1
0,0.00,14.09,1,0,43.00,1
0,0.00,21.03,1,0,59.00,1
0,0.10,16.11,0,0,64.90,0
0,0.00,23.04,0,0,66.00,1
0,0.00,18.12,1,0,55.00,1
0,0.00,14.99,1,0,50.00,1
0,0.90,8.95,0,0,46.90,0
0,0.00,8.95,0,0,46.00,0
0,0.00,8.95,1,0,54.00,1
0,0.29,25.95,0,0,69.10,1
0,0.00,6.93,0,0,48.90,0
0,1.29,12.97,0,0,48.00,0
0,0.03,19.91,0,0,44.10,0
0,0.00,16.11,0,0,66.90,0
0,0.67,14.09,0,0,41.00,0
0,0.00,12.97,0,0,55.00,0
0,0.00,18.12,1,0,48.00,1
0,0.00,12.97,1,0,42.10,1
0,0.09,16.11,0,0,30.20,1
1,0.36,12.08,0,1.18,46.00,1
0,0.67,12.08,0,1.18,35.10,1
0,0.00,16.11,0,0,57.90,0
0,0.00,17.00,1,0,66.00,1
0,0.00,16.11,1,0,73.00,1
0,0.22,25.95,0,0,86.00,1
0,0.00,19.91,0,0,82.90,0
0,0.00,17.90,1,0,82.90,1
0,0.19,10.07,0,0,60.10,0
0,0.00,8.95,0,0,77.00,0
0,0.00,12.97,1,0,60.10,1
0,0.00,16.11,1,0,66.00,1
0,0.00,8.05,1,0,75.90,1
0,0.58,21.92,0,0,48.00,1
0,0.01,8.95,0,0,55.90,0
0,0.00,12.08,0,0,57.90,0
0,0.00,10.07,1,0,55.90,1
0,0.29,8.95,0,0,42.10,0
0,0.00,10.07,0,0,53.10,0
0,0.00,16.11,1,0,46.00,1
0,0.00,19.91,1,0,32.00,1
0,0.00,16.11,1,0,45.00,1
0,0.00,8.95,1,0,46.00,1
0,0.00,8.05,1,0,63.00,1
0,1.46,21.03,0,0,68.00,1
0,0.65,17.00,0,0,41.00,0
0,0.00,17.00,0,0,63.00,0
1,0.61,21.92,0,2.99,28.00,1
0,0.02,12.97,0,0,37.00,0
0,0.00,16.11,0,0,50.00,0
0,0.00,8.95,1,0,53.10,1
0,0.00,17.90,1,0,42.10,1
0,0.00,14.09,1,0,51.10,1
0,0.00,14.09,1,0,55.90,1
0,0.00,12.97,1,0,63.00,1
0,0.00,14.09,1,0,68.00,1
0,0.00,25.95,1,0,66.00,1
0,0.01,21.92,0,0,66.00,1
0,0.00,14.99,0,0,73.90,0
0,0.00,21.03,1,0,75.90,1
0,0.00,14.99,1,0,57.90,1
0,0.61,19.91,0,0,66.00,0
0,0.00,21.03,0,0,79.00,1
0,0.00,12.97,1,0,68.00,1
0,0.00,12.97,1,0,75.00,1
0,0.00,17.00,1,0,68.00,1
0,0.00,21.03,1,0,78.10,1
0,0.00,17.00,1,0,68.00,1
0,1.08,14.99,0,0,80.10,0
0,0.00,17.90,0,0,78.10,0
0,0.00,17.90,1,0,91.90,1
0,0.00,17.00,1,0,91.90,1
0,1.23,23.04,0,0,96.10,1
0,0.16,19.91,0,0,91.00,0
0,0.05,17.00,0,0,97.00,0
0,0.00,17.90,0,0,99.00,0
0,0.00,14.99,1,0,81.00,1
0,0.00,14.99,1,0,82.90,1
0,0.00,12.97,1,0,100.90,1
0,0.01,16.11,0,0,99.00,0
0,0.14,14.99,0,0,87.10,0
0,0.23,12.08,0,0,91.90,0
0,0.00,17.00,0,0,97.00,0
0,0.00,17.00,1,0,100.00,1
0,0.46,21.92,0,0,97.00,1
0,0.00,12.08,0,0,91.90,0
0,0.05,12.97,0,0,97.00,0
0,0.00,8.95,0,0,91.00,0
0,0.00,14.09,1,0,89.10,1
0,0.00,14.09,1,0,91.90,1
0,0.00,25.05,1,0,93.90,1
0,0.00,16.11,1,0,68.00,1
0,0.00,8.05,1,0,87.10,1
0,0.00,8.95,1,0,79.00,1
0,0.00,12.97,1,0,73.90,1
0,0.53,17.90,0,0,81.00,0
0,0.00,14.99,0,0,82.00,0
0,0.00,14.09,1,0,75.00,1
0,0.72,8.05,0,0,54.00,0
0,0.16,16.11,0,0,53.10,0
0,0.00,16.11,0,0,66.90,0
0,0.00,8.05,1,0,70.00,1
0,0.00,16.11,1,0,69.10,1
0,0.00,16.11,1,0,73.00,1
0,0.00,10.07,1,0,61.00,1
0,0.01,25.05,0,0,72.00,1
0,0.00,12.97,0,0,37.00,0
0,0.00,14.09,1,0,42.10,1
0,0.50,16.11,0,2.99,33.10,1
0,0.00,14.99,0,2.01,46.90,1
0,0.00,10.07,1,0,45.00,1
0,0.00,17.90,1,0,46.00,1
1,0.12,14.09,0,0,34.00,1
1,0.08,12.97,0,0,32.00,1
0,0.00,10.07,0,0,46.00,0
0,0.17,14.09,0,0,51.10,0
0,0.00,19.91,0,0,46.90,0
1,0.00,12.08,1,0,44.10,1
1,0.45,8.95,0,0,37.00,1
1,0.03,14.09,0,0,46.00,1
0,0.00,17.90,0,0,71.10,0
0,0.00,21.92,1,0,64.90,1
0,0.00,23.94,1,0,57.00,1
0,0.00,16.11,1,0,54.00,1
0,0.23,17.90,0,0,61.00,0
0,0.10,16.11,0,0,55.90,0
0,0.00,12.08,0,0,57.00,0
0,0.34,14.09,0,0,50.00,0
0,0.00,10.07,0,0,62.10,0
0,1.04,23.04,0,0,57.00,1
0,0.00,23.04,0,0,84.00,1
0,0.00,10.07,1,0,75.00,1
0,0.00,19.91,1,0,75.90,1
0,0.00,21.92,1,0,80.10,1
0,0.67,17.00,0,0,71.10,0
0,0.00,10.07,0,0,89.10,0
0,0.00,8.05,1,0,95.00,1
0,0.00,12.08,1,0,93.00,1
0,0.00,12.97,1,0,82.90,1
0,0.00,12.97,1,0,91.90,1
0,0.00,17.00,1,0,95.00,1
0,0.00,23.04,1,0,96.10,1
0,0.00,25.95,1,0,91.90,1
0,0.29,25.05,0,0,99.00,1
0,0.00,16.11,0,0,97.00,0
0,1.38,17.90,0,0,99.00,0
0,0.00,14.99,0,0,91.90,0
0,0.06,16.11,0,0,93.90,0
0,0.00,12.97,0,0,93.90,0
0,0.00,12.97,1,0,93.00,1
0,0.00,17.90,1,0,98.10,1
0,0.00,16.11,1,0,93.90,1
0,0.00,8.95,1,0,89.10,1
0,1.08,23.94,0,0,87.10,1
0,0.00,12.08,0,0,89.10,0
0,0.00,12.08,1,0,89.10,1
0,0.00,14.09,1,0,89.10,1
0,0.00,16.11,1,0,91.00,1
0,0.00,14.09,1,0,91.90,1
0,1.36,25.05,0,0,90.00,1
0,0.00,8.95,0,0,82.90,0
0,0.00,8.95,1,0,87.10,1
0,0.00,8.05,1,0,87.10,1
0,0.00,12.08,1,0,89.10,1
0,0.00,16.11,1,0,64.00,1
0,0.00,12.97,1,0,68.00,1
0,0.32,21.03,0,0,66.90,1
0,0.00,17.00,0,0,73.90,0
0,0.00,17.00,1,0,77.00,1
0,0.00,8.95,1,0,66.90,1
0,0.00,21.03,1,0,77.00,1
0,0.87,16.11,0,0,54.00,0
0,0.27,10.07,0,0,55.90,0
0,0.00,17.90,0,0,55.00,0
0,0.00,8.05,1,0,70.00,1
0,0.00,21.92,1,0,79.00,1
0,0.54,23.04,0,0,62.10,1
0,0.00,8.05,0,0,64.00,0
0,0.00,17.00,1,0,70.00,1
0,0.00,6.93,1,0,64.00,1
0,0.00,16.11,1,0,46.90,1
0,0.00,6.93,1,0,60.10,1
0,0.00,25.05,1,0,68.00,1
0,0.25,21.03,0,0,64.90,1
0,0.00,25.95,0,0,68.00,1
0,0.00,12.08,1,0,54.00,1
0,0.00,17.00,1,0,53.10,1
0,0.00,14.09,1,0,55.00,1
0,0.00,14.99,1,0,48.90,1
0,0.00,17.90,1,0,37.00,1
0,0.00,8.95,1,0,53.10,1
0,0.22,31.09,0,0,69.10,1
0,0.02,14.09,0,0,69.10,0
0,0.23,14.09,0,0,55.00,0
0,0.00,14.99,0,0,52.00,0
0,0.71,23.04,0,0,54.00,1
0,0.00,17.00,0,0.98,48.90,1
0,0.24,8.95,0,0,48.90,0
0,0.05,25.05,0,0,71.10,1
0,0.00,19.91,0,0,70.00,0
0,0.00,19.91,1,0,73.00,1
0,0.03,17.90,0,0,77.00,0
0,0.00,17.00,0,0,82.90,0
0,0.27,17.90,0,0,75.90,0
0,0.05,19.91,0,0,63.00,0
0,0.24,14.99,0,0,80.10,0
0,0.82,17.00,0,0,62.10,0
0,0.01,17.00,0,0,51.10,0
0,0.03,17.90,0,0,68.00,0
0,0.00,12.97,0,0,73.90,0
0,0.00,17.90,1,0,77.00,1
0,0.00,14.99,1,0,86.00,1
0,0.00,23.04,1,0,90.00,1
0,0.39,17.00,0,0,82.00,0
0,0.00,14.99,0,0,82.90,0
0,0.04,12.97,0,0,73.90,0
0,0.00,8.05,0,0,81.00,0
0,0.00,12.08,1,0,84.00,1
0,0.00,14.99,1,0,89.10,1
0,1.06,17.00,0,0,84.00,0
0,0.00,17.00,0,0,79.00,0
0,0.00,12.08,1,0,93.90,1
0,0.00,17.00,1,0,57.90,1
0,0.13,25.95,0,0,75.00,1
0,0.18,23.94,0,0,66.00,1
0,0.00,29.08,0,0,73.90,1
0,0.00,16.11,1,0,68.00,1
0,0.00,18.12,1,0,75.90,1
0,0.00,29.97,1,0,84.00,1
0,0.00,14.99,1,0,80.10,1
0,0.00,25.05,1,0,77.00,1
0,0.00,19.91,1,0,68.00,1
0,0.00,18.12,1,0,82.00,1
0,0.00,18.12,1,0,81.00,1
0,0.14,19.91,0,0,87.10,0
0,0.00,17.00,0,0,87.10,0
0,0.00,18.12,1,0,89.10,1
0,0.15,10.07,0,0,82.00,0
0,0.02,14.99,0,0,68.00,0
0,0.01,10.07,0,0,78.10,0
0,0.00,21.03,0,0,89.10,1
0,0.25,12.08,0,0,88.00,0
0,0.00,18.12,0,0,90.00,0
0,0.00,10.07,1,0,99.00,1
0,0.23,14.09,0,0,95.00,0
0,0.00,14.99,0,0,95.00,0
0,0.99,18.12,0,0,88.00,0
0,0.00,12.97,0,0,88.00,0
0,0.79,29.08,0,0,90.00,1
0,0.00,14.09,0,0,91.00,0
0,0.00,12.97,1,0,93.90,1
0,0.02,14.09,0,0,93.00,0
0,0.00,14.99,0,0,95.00,0
0,0.00,8.95,1,0,89.10,1
0,0.00,12.97,1,0,88.00,1
0,0.00,14.99,1,0,84.00,1
0,0.00,12.97,1,0,87.10,1
0,0.00,12.08,1,0,86.00,1
0,1.75,18.12,0,0,77.00,0
0,0.00,6.93,0,0,91.00,0
0,0.00,23.04,1,0,91.90,1
0,0.00,17.00,1,0,77.00,1
0,1.02,18.12,0,0,69.10,0
0,0.12,18.12,0,0,60.10,0
0,0.00,16.11,0,0,73.00,0
0,0.00,12.97,1,0,78.10,1
0,0.00,10.07,1,0,60.10,1
0,0.00,10.07,1,0,70.00,1
0,0.00,18.12,1,0,64.00,1
0,0.46,17.00,0,0,73.00,0
0,0.00,23.94,0,0,75.90,1
0,0.00,8.05,1,0,64.90,1
0,0.00,14.99,1,0,62.10,1
0,0.00,12.97,1,0,52.00,1
0,0.00,14.99,1,0,55.90,1
0,0.00,6.04,1,0,60.10,1
0,0.00,6.93,1,0,57.90,1
0,0.00,10.07,1,0,73.00,1
0,0.04,23.04,0,0,75.00,1
0,0.47,14.09,0,0,66.00,0
0,0.00,8.95,0,0,52.00,0
0,0.00,16.11,1,0,43.00,1
0,0.04,12.08,0,0,46.90,0
0,0.18,21.03,0,0,54.00,1
0,0.00,16.11,0,0,60.10,0
0,0.13,12.97,0,0,42.10,0
0,0.00,14.09,0,0,52.00,0
0,0.00,6.93,1,0,45.00,1
0,0.00,18.12,1,0,60.10,1
0,0.00,8.95,1,0,48.00,1
0,0.00,16.11,1,0,39.90,1
1,0.33,12.08,0,0,35.10,1
0,0.00,23.04,0,0,66.00,1
0,0.04,21.03,0,0,75.90,1
0,0.09,31.99,0,0,69.10,1
0,0.00,16.11,0,0,63.00,0
0,0.00,19.91,1,0,75.00,1
0,0.24,23.94,0,0,84.90,1
0,0.18,14.99,0,0,77.00,0
0,0.44,14.99,0,0,79.00,0
0,0.00,17.00,0,0,82.00,0
0,0.12,6.93,0,0,81.00,0
0,0.00,17.00,0,0,66.90,0
0,0.02,14.09,0,0,68.00,0
0,1.95,14.99,0,0,75.90,0
0,0.00,16.11,0,0,84.90,0
0,0.69,42.95,0,0,89.10,1
0,0.04,16.11,0,0,82.00,0
0,0.05,12.97,0,0,88.00,0
0,0.00,10.07,0,0,88.00,0
0,0.00,19.91,1,0,91.00,1
0,0.00,16.11,1,0,84.90,1
0,1.25,12.08,0,0,78.10,0
0,0.42,31.09,0,0,95.00,1
0,0.06,23.04,0,0,93.00,1
0,0.00,14.09,0,0,90.00,0
0,0.00,12.97,1,0,89.10,1
0,0.00,8.95,1,0,90.00,1
0,0.00,12.08,1,0,95.00,1
0,0.00,14.99,1,0,96.10,1
0,0.00,10.07,1,0,95.00,1
0,0.00,19.91,1,0,96.10,1
0,0.13,21.92,0,0,96.10,1
0,0.28,14.09,0,0,91.00,0
0,0.18,12.08,0,0,88.00,0
0,0.00,19.91,0,0,91.00,0
0,0.00,12.97,1,0,91.90,1
0,0.00,12.08,1,0,91.90,1
0,0.00,27.96,1,0,97.00,1
0,0.38,12.97,0,0,91.00,0
0,0.00,12.97,0,0,89.10,0
0,0.00,14.99,1,0,90.00,1
0,0.44,23.04,0,0,81.00,1
0,0.00,14.99,0,0,82.90,0
0,0.00,10.07,1,0,89.10,1
0,1.30,14.09,0,0,79.00,0
0,0.02,14.09,0,0,75.00,0
0,0.36,18.12,0,0,73.90,0
0,0.00,10.07,0,0,79.00,0
0,0.00,10.07,1,0,72.00,1
0,0.00,18.12,1,0,78.10,1
0,0.14,19.91,0,0,75.00,0
0,0.00,14.09,0,0,78.10,0
0,0.00,14.09,1,0,84.00,1
0,0.00,18.12,1,0,71.10,1
0,0.00,10.07,1,0,79.00,1
0,0.00,16.11,1,0,64.00,1
0,0.00,8.95,1,0,64.00,1
0,0.00,10.07,1,0,69.10,1
0,0.00,14.09,1,0,57.90,1
0,0.32,8.95,0,0,46.90,0
0,0.03,12.97,0,0,62.10,0
0,0.00,10.07,0,0,55.00,0
0,0.22,25.95,0,0,75.00,1
0,0.00,12.97,0,0,53.10,0
0,0.04,12.97,0,0,60.10,0
0,0.00,8.95,0,0,60.10,0
1,0.60,21.03,0,0,32.00,1
0,0.00,8.95,0,1.18,31.10,1
0,0.00,12.08,1,0,51.10,1
0,0.04,12.97,0,0,62.10,0
0,0.00,8.05,0,0,63.00,0
0,0.38,12.08,0,0,55.00,0
0,0.00,17.00,0,0,73.00,0
0,0.00,16.11,1,0,51.10,1
0,0.02,23.04,0,0,54.00,1
0,0.00,12.97,0,0,68.00,0
0,0.00,21.92,1,0,51.10,1
0,0.05,25.05,0,0,82.90,1
0,0.00,14.99,0,0,64.00,0
0,0.00,12.97,1,0,77.00,1
0,0.00,14.09,1,0,55.90,1
0,0.97,35.12,0,0,79.00,1
0,0.00,12.97,0,0,54.00,0
0,0.00,23.04,1,0,75.00,1
0,0.00,23.04,1,0,69.10,1
0,0.00,14.09,1,0,50.00,1
0,0.00,21.03,1,0,64.00,1
0,0.42,25.05,0,0,79.00,1
0,0.00,14.09,0,0,75.00,0
0,0.32,17.00,0,0,78.10,0
0,0.00,14.99,0,0,84.90,0
0,0.00,23.04,1,0,77.00,1
0,0.00,16.11,1,0,79.00,1
0,0.00,16.11,1,0,71.10,1
0,0.45,16.11,0,0,82.90,0
0,0.07,16.11,0,0,61.00,0
0,0.00,14.09,0,0,84.90,0
0,0.00,12.97,1,0,87.10,1
0,0.00,14.09,1,0,75.90,1
0,0.69,12.08,0,0,71.10,0
0,0.00,14.99,0,0,86.00,0
0,0.00,12.97,1,0,84.90,1
0,0.00,12.08,1,0,82.90,1
0,0.00,19.91,1,0,73.00,1
0,0.00,17.00,1,0,89.10,1
0,0.00,19.91,1,0,93.00,1
0,0.09,25.05,0,0,91.90,1
0,0.00,12.08,0,0,84.90,0
0,0.00,12.97,1,0,82.90,1
0,0.05,17.00,0,0,87.10,0
0,0.00,17.00,0,0,90.00,0
0,0.00,16.11,1,0,91.00,1
0,0.00,14.99,1,0,90.00,1
0,0.00,14.09,1,0,93.00,1
0,0.73,14.99,0,0,81.00,0
0,0.21,16.11,0,0,88.00,0
0,0.01,16.11,0,0,98.10,0
0,0.00,12.97,0,0,93.00,0
0,0.00,17.00,1,0,84.00,1
0,0.00,14.99,1,0,82.90,1
0,0.00,21.03,1,0,71.10,1
0,0.00,16.11,1,0,82.90,1
0,0.02,17.00,0,0,84.00,0
0,0.00,16.11,0,0,64.00,0
0,0.00,8.95,1,0,69.10,1
0,0.00,8.05,1,0,70.00,1
0,0.00,18.12,1,0,75.90,1
0,0.00,16.11,1,0,46.00,1
0,0.00,17.00,1,0,52.00,1
0,0.00,8.05,1,0,57.00,1
0,0.00,29.08,1,0,66.90,1
0,0.00,10.07,1,0,61.00,1
0,0.00,10.07,1,0,70.00,1
0,0.00,14.99,1,0,43.00,1
0,0.00,19.91,1,0,43.00,1
0,0.00,12.08,1,0,43.00,1
0,0.00,14.09,1,0,50.00,1
